source name	characteristics[organism]	characteristics[cell line]	characteristics[organism part]	characteristics[age]	characteristics[developmental stage]	characteristics[sex]	characteristics[ancestry category]	characteristics[disease]	characteristics[cell count]	characteristics[cell type]	characteristics[biological replicate]	assay name	technology type	comment[label]	comment[data file]	comment[file uri]	comment[technical replicate]	comment[fraction identifier]	comment[cleavage agent details]	comment[instrument]	comment[modification parameters]	comment[modification parameters]	comment[proteomics data acquisition method]	comment[dissociation method]	comment[precursor mass tolerance]	comment[fragment mass tolerance]	factor value[organism part]
PXD049181-Sample-1	Homo sapiens	not applicable	embryoid body	not available	not available	not available	not available	not available	1	embryoid body	1	run 1	proteomic profiling by mass spectrometry	AC=MS:1002038;NT=label free sample	20231207_AST5_Evo5_ML_SA_40SPD_DIA_SCP_EB_1Cellc_1.raw	https://ftp.pride.ebi.ac.uk/pride/data/archive/2024/08/PXD049181/20231207_AST5_Evo5_ML_SA_40SPD_DIA_SCP_EB_1Cellc_1.raw	1	1	NT=Trypsin;AC=MS:1001251	NT=Orbitrap Astral;AC=MS:1003378	NT=Oxidation;MT=Variable;TA=M;AC=UNIMOD:35	NT=Acetyl;MT=Variable;TA=N-term;AC=UNIMOD:1	NT=Data-Independent Acquisition;AC=NCIT:C161786	NT=HCD;AC=PRIDE:0000590	20 ppm	0.5 Da	embryoid body
PXD049181-Sample-2	Homo sapiens	not applicable	embryoid body	not available	not available	not available	not available	not available	1	embryoid body	2	run 2	proteomic profiling by mass spectrometry	AC=MS:1002038;NT=label free sample	20231207_AST5_Evo5_ML_SA_40SPD_DIA_SCP_EB_1Cellc_2.raw	https://ftp.pride.ebi.ac.uk/pride/data/archive/2024/08/PXD049181/20231207_AST5_Evo5_ML_SA_40SPD_DIA_SCP_EB_1Cellc_2.raw	1	1	NT=Trypsin;AC=MS:1001251	NT=Orbitrap Astral;AC=MS:1003378	NT=Oxidation;MT=Variable;TA=M;AC=UNIMOD:35	NT=Acetyl;MT=Variable;TA=N-term;AC=UNIMOD:1	NT=Data-Independent Acquisition;AC=NCIT:C161786	NT=HCD;AC=PRIDE:0000590	20 ppm	0.5 Da	embryoid body
PXD049181-Sample-3	Homo sapiens	not applicable	embryoid body	not available	not available	not available	not available	not available	1	embryoid body	3	run 3	proteomic profiling by mass spectrometry	AC=MS:1002038;NT=label free sample	20231207_AST5_Evo5_ML_SA_40SPD_DIA_SCP_EB_1Cellc_3.raw	https://ftp.pride.ebi.ac.uk/pride/data/archive/2024/08/PXD049181/20231207_AST5_Evo5_ML_SA_40SPD_DIA_SCP_EB_1Cellc_3.raw	1	1	NT=Trypsin;AC=MS:1001251	NT=Orbitrap Astral;AC=MS:1003378	NT=Oxidation;MT=Variable;TA=M;AC=UNIMOD:35	NT=Acetyl;MT=Variable;TA=N-term;AC=UNIMOD:1	NT=Data-Independent Acquisition;AC=NCIT:C161786	NT=HCD;AC=PRIDE:0000590	20 ppm	0.5 Da	embryoid body
PXD049181-Sample-4	Homo sapiens	not applicable	embryoid body	not available	not available	not available	not available	not available	1	embryoid body	4	run 4	proteomic profiling by mass spectrometry	AC=MS:1002038;NT=label free sample	20231207_AST5_Evo5_ML_SA_40SPD_DIA_SCP_EB_1Cellc_4.raw	https://ftp.pride.ebi.ac.uk/pride/data/archive/2024/08/PXD049181/20231207_AST5_Evo5_ML_SA_40SPD_DIA_SCP_EB_1Cellc_4.raw	1	1	NT=Trypsin;AC=MS:1001251	NT=Orbitrap Astral;AC=MS:1003378	NT=Oxidation;MT=Variable;TA=M;AC=UNIMOD:35	NT=Acetyl;MT=Variable;TA=N-term;AC=UNIMOD:1	NT=Data-Independent Acquisition;AC=NCIT:C161786	NT=HCD;AC=PRIDE:0000590	20 ppm	0.5 Da	embryoid body
PXD049181-Sample-5	Homo sapiens	not applicable	embryoid body	not available	not available	not available	not available	not available	1	embryoid body	5	run 5	proteomic profiling by mass spectrometry	AC=MS:1002038;NT=label free sample	20231207_AST5_Evo5_ML_SA_40SPD_DIA_SCP_EB_1Cellc_5.raw	https://ftp.pride.ebi.ac.uk/pride/data/archive/2024/08/PXD049181/20231207_AST5_Evo5_ML_SA_40SPD_DIA_SCP_EB_1Cellc_5.raw	1	1	NT=Trypsin;AC=MS:1001251	NT=Orbitrap Astral;AC=MS:1003378	NT=Oxidation;MT=Variable;TA=M;AC=UNIMOD:35	NT=Acetyl;MT=Variable;TA=N-term;AC=UNIMOD:1	NT=Data-Independent Acquisition;AC=NCIT:C161786	NT=HCD;AC=PRIDE:0000590	20 ppm	0.5 Da	embryoid body
PXD049181-Sample-6	Homo sapiens	not applicable	embryoid body	not available	not available	not available	not available	not available	1	embryoid body	6	run 6	proteomic profiling by mass spectrometry	AC=MS:1002038;NT=label free sample	20231207_AST5_Evo5_ML_SA_40SPD_DIA_SCP_EB_1Cellc_6.raw	https://ftp.pride.ebi.ac.uk/pride/data/archive/2024/08/PXD049181/20231207_AST5_Evo5_ML_SA_40SPD_DIA_SCP_EB_1Cellc_6.raw	1	1	NT=Trypsin;AC=MS:1001251	NT=Orbitrap Astral;AC=MS:1003378	NT=Oxidation;MT=Variable;TA=M;AC=UNIMOD:35	NT=Acetyl;MT=Variable;TA=N-term;AC=UNIMOD:1	NT=Data-Independent Acquisition;AC=NCIT:C161786	NT=HCD;AC=PRIDE:0000590	20 ppm	0.5 Da	embryoid body
PXD049181-Sample-7	Homo sapiens	not applicable	embryoid body	not available	not available	not available	not available	not available	1	embryoid body	7	run 7	proteomic profiling by mass spectrometry	AC=MS:1002038;NT=label free sample	20231207_AST5_Evo5_ML_SA_40SPD_DIA_SCP_EB_1Cellc_7.raw	https://ftp.pride.ebi.ac.uk/pride/data/archive/2024/08/PXD049181/20231207_AST5_Evo5_ML_SA_40SPD_DIA_SCP_EB_1Cellc_7.raw	1	1	NT=Trypsin;AC=MS:1001251	NT=Orbitrap Astral;AC=MS:1003378	NT=Oxidation;MT=Variable;TA=M;AC=UNIMOD:35	NT=Acetyl;MT=Variable;TA=N-term;AC=UNIMOD:1	NT=Data-Independent Acquisition;AC=NCIT:C161786	NT=HCD;AC=PRIDE:0000590	20 ppm	0.5 Da	embryoid body
PXD049181-Sample-8	Homo sapiens	not applicable	embryoid body	not available	not available	not available	not available	not available	1	embryoid body	8	run 8	proteomic profiling by mass spectrometry	AC=MS:1002038;NT=label free sample	20231207_AST5_Evo5_ML_SA_40SPD_DIA_SCP_EB_1Cellc_8.raw	https://ftp.pride.ebi.ac.uk/pride/data/archive/2024/08/PXD049181/20231207_AST5_Evo5_ML_SA_40SPD_DIA_SCP_EB_1Cellc_8.raw	1	1	NT=Trypsin;AC=MS:1001251	NT=Orbitrap Astral;AC=MS:1003378	NT=Oxidation;MT=Variable;TA=M;AC=UNIMOD:35	NT=Acetyl;MT=Variable;TA=N-term;AC=UNIMOD:1	NT=Data-Independent Acquisition;AC=NCIT:C161786	NT=HCD;AC=PRIDE:0000590	20 ppm	0.5 Da	embryoid body
PXD049181-Sample-9	Homo sapiens	not applicable	embryoid body	not available	not available	not available	not available	not available	1	embryoid body	9	run 9	proteomic profiling by mass spectrometry	AC=MS:1002038;NT=label free sample	20231207_AST5_Evo5_ML_SA_40SPD_DIA_SCP_EB_1Cellc_9.raw	https://ftp.pride.ebi.ac.uk/pride/data/archive/2024/08/PXD049181/20231207_AST5_Evo5_ML_SA_40SPD_DIA_SCP_EB_1Cellc_9.raw	1	1	NT=Trypsin;AC=MS:1001251	NT=Orbitrap Astral;AC=MS:1003378	NT=Oxidation;MT=Variable;TA=M;AC=UNIMOD:35	NT=Acetyl;MT=Variable;TA=N-term;AC=UNIMOD:1	NT=Data-Independent Acquisition;AC=NCIT:C161786	NT=HCD;AC=PRIDE:0000590	20 ppm	0.5 Da	embryoid body
PXD049181-Sample-10	Homo sapiens	not applicable	embryoid body	not available	not available	not available	not available	not available	1	embryoid body	10	run 10	proteomic profiling by mass spectrometry	AC=MS:1002038;NT=label free sample	20231207_AST5_Evo5_ML_SA_40SPD_DIA_SCP_EB_1Cellc_10.raw	https://ftp.pride.ebi.ac.uk/pride/data/archive/2024/08/PXD049181/20231207_AST5_Evo5_ML_SA_40SPD_DIA_SCP_EB_1Cellc_10.raw	1	1	NT=Trypsin;AC=MS:1001251	NT=Orbitrap Astral;AC=MS:1003378	NT=Oxidation;MT=Variable;TA=M;AC=UNIMOD:35	NT=Acetyl;MT=Variable;TA=N-term;AC=UNIMOD:1	NT=Data-Independent Acquisition;AC=NCIT:C161786	NT=HCD;AC=PRIDE:0000590	20 ppm	0.5 Da	embryoid body
PXD049181-Sample-11	Homo sapiens	not applicable	embryoid body	not available	not available	not available	not available	not available	1	embryoid body	11	run 11	proteomic profiling by mass spectrometry	AC=MS:1002038;NT=label free sample	20231207_AST5_Evo5_ML_SA_40SPD_DIA_SCP_EB_1Cellc_11.raw	https://ftp.pride.ebi.ac.uk/pride/data/archive/2024/08/PXD049181/20231207_AST5_Evo5_ML_SA_40SPD_DIA_SCP_EB_1Cellc_11.raw	1	1	NT=Trypsin;AC=MS:1001251	NT=Orbitrap Astral;AC=MS:1003378	NT=Oxidation;MT=Variable;TA=M;AC=UNIMOD:35	NT=Acetyl;MT=Variable;TA=N-term;AC=UNIMOD:1	NT=Data-Independent Acquisition;AC=NCIT:C161786	NT=HCD;AC=PRIDE:0000590	20 ppm	0.5 Da	embryoid body
PXD049181-Sample-12	Homo sapiens	not applicable	embryoid body	not available	not available	not available	not available	not available	1	embryoid body	12	run 12	proteomic profiling by mass spectrometry	AC=MS:1002038;NT=label free sample	20231207_AST5_Evo5_ML_SA_40SPD_DIA_SCP_EB_1Cellc_12.raw	https://ftp.pride.ebi.ac.uk/pride/data/archive/2024/08/PXD049181/20231207_AST5_Evo5_ML_SA_40SPD_DIA_SCP_EB_1Cellc_12.raw	1	1	NT=Trypsin;AC=MS:1001251	NT=Orbitrap Astral;AC=MS:1003378	NT=Oxidation;MT=Variable;TA=M;AC=UNIMOD:35	NT=Acetyl;MT=Variable;TA=N-term;AC=UNIMOD:1	NT=Data-Independent Acquisition;AC=NCIT:C161786	NT=HCD;AC=PRIDE:0000590	20 ppm	0.5 Da	embryoid body
PXD049181-Sample-13	Homo sapiens	not applicable	embryoid body	not available	not available	not available	not available	not available	1	embryoid body	13	run 13	proteomic profiling by mass spectrometry	AC=MS:1002038;NT=label free sample	20231207_AST5_Evo5_ML_SA_40SPD_DIA_SCP_EB_1Cellc_13.raw	https://ftp.pride.ebi.ac.uk/pride/data/archive/2024/08/PXD049181/20231207_AST5_Evo5_ML_SA_40SPD_DIA_SCP_EB_1Cellc_13.raw	1	1	NT=Trypsin;AC=MS:1001251	NT=Orbitrap Astral;AC=MS:1003378	NT=Oxidation;MT=Variable;TA=M;AC=UNIMOD:35	NT=Acetyl;MT=Variable;TA=N-term;AC=UNIMOD:1	NT=Data-Independent Acquisition;AC=NCIT:C161786	NT=HCD;AC=PRIDE:0000590	20 ppm	0.5 Da	embryoid body
PXD049181-Sample-14	Homo sapiens	not applicable	embryoid body	not available	not available	not available	not available	not available	1	embryoid body	14	run 14	proteomic profiling by mass spectrometry	AC=MS:1002038;NT=label free sample	20231207_AST5_Evo5_ML_SA_40SPD_DIA_SCP_EB_1Cellc_14.raw	https://ftp.pride.ebi.ac.uk/pride/data/archive/2024/08/PXD049181/20231207_AST5_Evo5_ML_SA_40SPD_DIA_SCP_EB_1Cellc_14.raw	1	1	NT=Trypsin;AC=MS:1001251	NT=Orbitrap Astral;AC=MS:1003378	NT=Oxidation;MT=Variable;TA=M;AC=UNIMOD:35	NT=Acetyl;MT=Variable;TA=N-term;AC=UNIMOD:1	NT=Data-Independent Acquisition;AC=NCIT:C161786	NT=HCD;AC=PRIDE:0000590	20 ppm	0.5 Da	embryoid body
PXD049181-Sample-15	Homo sapiens	not applicable	embryoid body	not available	not available	not available	not available	not available	1	embryoid body	15	run 15	proteomic profiling by mass spectrometry	AC=MS:1002038;NT=label free sample	20231207_AST5_Evo5_ML_SA_40SPD_DIA_SCP_EB_1Cellc_15.raw	https://ftp.pride.ebi.ac.uk/pride/data/archive/2024/08/PXD049181/20231207_AST5_Evo5_ML_SA_40SPD_DIA_SCP_EB_1Cellc_15.raw	1	1	NT=Trypsin;AC=MS:1001251	NT=Orbitrap Astral;AC=MS:1003378	NT=Oxidation;MT=Variable;TA=M;AC=UNIMOD:35	NT=Acetyl;MT=Variable;TA=N-term;AC=UNIMOD:1	NT=Data-Independent Acquisition;AC=NCIT:C161786	NT=HCD;AC=PRIDE:0000590	20 ppm	0.5 Da	embryoid body
PXD049181-Sample-16	Homo sapiens	not applicable	embryoid body	not available	not available	not available	not available	not available	1	embryoid body	16	run 16	proteomic profiling by mass spectrometry	AC=MS:1002038;NT=label free sample	20231207_AST5_Evo5_ML_SA_40SPD_DIA_SCP_EB_1Cellc_16.raw	https://ftp.pride.ebi.ac.uk/pride/data/archive/2024/08/PXD049181/20231207_AST5_Evo5_ML_SA_40SPD_DIA_SCP_EB_1Cellc_16.raw	1	1	NT=Trypsin;AC=MS:1001251	NT=Orbitrap Astral;AC=MS:1003378	NT=Oxidation;MT=Variable;TA=M;AC=UNIMOD:35	NT=Acetyl;MT=Variable;TA=N-term;AC=UNIMOD:1	NT=Data-Independent Acquisition;AC=NCIT:C161786	NT=HCD;AC=PRIDE:0000590	20 ppm	0.5 Da	embryoid body
PXD049181-Sample-17	Homo sapiens	not applicable	embryoid body	not available	not available	not available	not available	not available	1	embryoid body	17	run 17	proteomic profiling by mass spectrometry	AC=MS:1002038;NT=label free sample	20231207_AST5_Evo5_ML_SA_40SPD_DIA_SCP_EB_1Cellc_17.raw	https://ftp.pride.ebi.ac.uk/pride/data/archive/2024/08/PXD049181/20231207_AST5_Evo5_ML_SA_40SPD_DIA_SCP_EB_1Cellc_17.raw	1	1	NT=Trypsin;AC=MS:1001251	NT=Orbitrap Astral;AC=MS:1003378	NT=Oxidation;MT=Variable;TA=M;AC=UNIMOD:35	NT=Acetyl;MT=Variable;TA=N-term;AC=UNIMOD:1	NT=Data-Independent Acquisition;AC=NCIT:C161786	NT=HCD;AC=PRIDE:0000590	20 ppm	0.5 Da	embryoid body
PXD049181-Sample-18	Homo sapiens	not applicable	embryoid body	not available	not available	not available	not available	not available	1	embryoid body	18	run 18	proteomic profiling by mass spectrometry	AC=MS:1002038;NT=label free sample	20231207_AST5_Evo5_ML_SA_40SPD_DIA_SCP_EB_1Cellc_18.raw	https://ftp.pride.ebi.ac.uk/pride/data/archive/2024/08/PXD049181/20231207_AST5_Evo5_ML_SA_40SPD_DIA_SCP_EB_1Cellc_18.raw	1	1	NT=Trypsin;AC=MS:1001251	NT=Orbitrap Astral;AC=MS:1003378	NT=Oxidation;MT=Variable;TA=M;AC=UNIMOD:35	NT=Acetyl;MT=Variable;TA=N-term;AC=UNIMOD:1	NT=Data-Independent Acquisition;AC=NCIT:C161786	NT=HCD;AC=PRIDE:0000590	20 ppm	0.5 Da	embryoid body
PXD049181-Sample-19	Homo sapiens	not applicable	embryoid body	not available	not available	not available	not available	not available	1	embryoid body	19	run 19	proteomic profiling by mass spectrometry	AC=MS:1002038;NT=label free sample	20231207_AST5_Evo5_ML_SA_40SPD_DIA_SCP_EB_1Cellc_19.raw	https://ftp.pride.ebi.ac.uk/pride/data/archive/2024/08/PXD049181/20231207_AST5_Evo5_ML_SA_40SPD_DIA_SCP_EB_1Cellc_19.raw	1	1	NT=Trypsin;AC=MS:1001251	NT=Orbitrap Astral;AC=MS:1003378	NT=Oxidation;MT=Variable;TA=M;AC=UNIMOD:35	NT=Acetyl;MT=Variable;TA=N-term;AC=UNIMOD:1	NT=Data-Independent Acquisition;AC=NCIT:C161786	NT=HCD;AC=PRIDE:0000590	20 ppm	0.5 Da	embryoid body
PXD049181-Sample-20	Homo sapiens	not applicable	embryoid body	not available	not available	not available	not available	not available	1	embryoid body	20	run 20	proteomic profiling by mass spectrometry	AC=MS:1002038;NT=label free sample	20231207_AST5_Evo5_ML_SA_40SPD_DIA_SCP_EB_1Cellc_20.raw	https://ftp.pride.ebi.ac.uk/pride/data/archive/2024/08/PXD049181/20231207_AST5_Evo5_ML_SA_40SPD_DIA_SCP_EB_1Cellc_20.raw	1	1	NT=Trypsin;AC=MS:1001251	NT=Orbitrap Astral;AC=MS:1003378	NT=Oxidation;MT=Variable;TA=M;AC=UNIMOD:35	NT=Acetyl;MT=Variable;TA=N-term;AC=UNIMOD:1	NT=Data-Independent Acquisition;AC=NCIT:C161786	NT=HCD;AC=PRIDE:0000590	20 ppm	0.5 Da	embryoid body
PXD049181-Sample-21	Homo sapiens	not applicable	embryoid body	not available	not available	not available	not available	not available	1	embryoid body	21	run 21	proteomic profiling by mass spectrometry	AC=MS:1002038;NT=label free sample	20231207_AST5_Evo5_ML_SA_40SPD_DIA_SCP_EB_1Cellc_21.raw	https://ftp.pride.ebi.ac.uk/pride/data/archive/2024/08/PXD049181/20231207_AST5_Evo5_ML_SA_40SPD_DIA_SCP_EB_1Cellc_21.raw	1	1	NT=Trypsin;AC=MS:1001251	NT=Orbitrap Astral;AC=MS:1003378	NT=Oxidation;MT=Variable;TA=M;AC=UNIMOD:35	NT=Acetyl;MT=Variable;TA=N-term;AC=UNIMOD:1	NT=Data-Independent Acquisition;AC=NCIT:C161786	NT=HCD;AC=PRIDE:0000590	20 ppm	0.5 Da	embryoid body
PXD049181-Sample-22	Homo sapiens	not applicable	embryoid body	not available	not available	not available	not available	not available	1	embryoid body	22	run 22	proteomic profiling by mass spectrometry	AC=MS:1002038;NT=label free sample	20231207_AST5_Evo5_ML_SA_40SPD_DIA_SCP_EB_1Cellc_22.raw	https://ftp.pride.ebi.ac.uk/pride/data/archive/2024/08/PXD049181/20231207_AST5_Evo5_ML_SA_40SPD_DIA_SCP_EB_1Cellc_22.raw	1	1	NT=Trypsin;AC=MS:1001251	NT=Orbitrap Astral;AC=MS:1003378	NT=Oxidation;MT=Variable;TA=M;AC=UNIMOD:35	NT=Acetyl;MT=Variable;TA=N-term;AC=UNIMOD:1	NT=Data-Independent Acquisition;AC=NCIT:C161786	NT=HCD;AC=PRIDE:0000590	20 ppm	0.5 Da	embryoid body
PXD049181-Sample-23	Homo sapiens	not applicable	embryoid body	not available	not available	not available	not available	not available	1	embryoid body	23	run 23	proteomic profiling by mass spectrometry	AC=MS:1002038;NT=label free sample	20231207_AST5_Evo5_ML_SA_40SPD_DIA_SCP_EB_1Cellc_23.raw	https://ftp.pride.ebi.ac.uk/pride/data/archive/2024/08/PXD049181/20231207_AST5_Evo5_ML_SA_40SPD_DIA_SCP_EB_1Cellc_23.raw	1	1	NT=Trypsin;AC=MS:1001251	NT=Orbitrap Astral;AC=MS:1003378	NT=Oxidation;MT=Variable;TA=M;AC=UNIMOD:35	NT=Acetyl;MT=Variable;TA=N-term;AC=UNIMOD:1	NT=Data-Independent Acquisition;AC=NCIT:C161786	NT=HCD;AC=PRIDE:0000590	20 ppm	0.5 Da	embryoid body
PXD049181-Sample-24	Homo sapiens	not applicable	embryoid body	not available	not available	not available	not available	not available	1	embryoid body	24	run 24	proteomic profiling by mass spectrometry	AC=MS:1002038;NT=label free sample	20231207_AST5_Evo5_ML_SA_40SPD_DIA_SCP_EB_1Cellc_24.raw	https://ftp.pride.ebi.ac.uk/pride/data/archive/2024/08/PXD049181/20231207_AST5_Evo5_ML_SA_40SPD_DIA_SCP_EB_1Cellc_24.raw	1	1	NT=Trypsin;AC=MS:1001251	NT=Orbitrap Astral;AC=MS:1003378	NT=Oxidation;MT=Variable;TA=M;AC=UNIMOD:35	NT=Acetyl;MT=Variable;TA=N-term;AC=UNIMOD:1	NT=Data-Independent Acquisition;AC=NCIT:C161786	NT=HCD;AC=PRIDE:0000590	20 ppm	0.5 Da	embryoid body
PXD049181-Sample-25	Homo sapiens	not applicable	embryoid body	not available	not available	not available	not available	not available	1	embryoid body	25	run 25	proteomic profiling by mass spectrometry	AC=MS:1002038;NT=label free sample	20231207_AST5_Evo5_ML_SA_40SPD_DIA_SCP_EB_1Cellc_25.raw	https://ftp.pride.ebi.ac.uk/pride/data/archive/2024/08/PXD049181/20231207_AST5_Evo5_ML_SA_40SPD_DIA_SCP_EB_1Cellc_25.raw	1	1	NT=Trypsin;AC=MS:1001251	NT=Orbitrap Astral;AC=MS:1003378	NT=Oxidation;MT=Variable;TA=M;AC=UNIMOD:35	NT=Acetyl;MT=Variable;TA=N-term;AC=UNIMOD:1	NT=Data-Independent Acquisition;AC=NCIT:C161786	NT=HCD;AC=PRIDE:0000590	20 ppm	0.5 Da	embryoid body
PXD049181-Sample-26	Homo sapiens	not applicable	embryoid body	not available	not available	not available	not available	not available	1	embryoid body	26	run 26	proteomic profiling by mass spectrometry	AC=MS:1002038;NT=label free sample	20231207_AST5_Evo5_ML_SA_40SPD_DIA_SCP_EB_1Cellc_26.raw	https://ftp.pride.ebi.ac.uk/pride/data/archive/2024/08/PXD049181/20231207_AST5_Evo5_ML_SA_40SPD_DIA_SCP_EB_1Cellc_26.raw	1	1	NT=Trypsin;AC=MS:1001251	NT=Orbitrap Astral;AC=MS:1003378	NT=Oxidation;MT=Variable;TA=M;AC=UNIMOD:35	NT=Acetyl;MT=Variable;TA=N-term;AC=UNIMOD:1	NT=Data-Independent Acquisition;AC=NCIT:C161786	NT=HCD;AC=PRIDE:0000590	20 ppm	0.5 Da	embryoid body
PXD049181-Sample-27	Homo sapiens	not applicable	embryoid body	not available	not available	not available	not available	not available	1	embryoid body	27	run 27	proteomic profiling by mass spectrometry	AC=MS:1002038;NT=label free sample	20231207_AST5_Evo5_ML_SA_40SPD_DIA_SCP_EB_1Cellc_27.raw	https://ftp.pride.ebi.ac.uk/pride/data/archive/2024/08/PXD049181/20231207_AST5_Evo5_ML_SA_40SPD_DIA_SCP_EB_1Cellc_27.raw	1	1	NT=Trypsin;AC=MS:1001251	NT=Orbitrap Astral;AC=MS:1003378	NT=Oxidation;MT=Variable;TA=M;AC=UNIMOD:35	NT=Acetyl;MT=Variable;TA=N-term;AC=UNIMOD:1	NT=Data-Independent Acquisition;AC=NCIT:C161786	NT=HCD;AC=PRIDE:0000590	20 ppm	0.5 Da	embryoid body
PXD049181-Sample-28	Homo sapiens	not applicable	embryoid body	not available	not available	not available	not available	not available	1	embryoid body	28	run 28	proteomic profiling by mass spectrometry	AC=MS:1002038;NT=label free sample	20231207_AST5_Evo5_ML_SA_40SPD_DIA_SCP_EB_1Cellc_28.raw	https://ftp.pride.ebi.ac.uk/pride/data/archive/2024/08/PXD049181/20231207_AST5_Evo5_ML_SA_40SPD_DIA_SCP_EB_1Cellc_28.raw	1	1	NT=Trypsin;AC=MS:1001251	NT=Orbitrap Astral;AC=MS:1003378	NT=Oxidation;MT=Variable;TA=M;AC=UNIMOD:35	NT=Acetyl;MT=Variable;TA=N-term;AC=UNIMOD:1	NT=Data-Independent Acquisition;AC=NCIT:C161786	NT=HCD;AC=PRIDE:0000590	20 ppm	0.5 Da	embryoid body
PXD049181-Sample-29	Homo sapiens	not applicable	embryoid body	not available	not available	not available	not available	not available	1	embryoid body	29	run 29	proteomic profiling by mass spectrometry	AC=MS:1002038;NT=label free sample	20231207_AST5_Evo5_ML_SA_40SPD_DIA_SCP_EB_1Cellc_29.raw	https://ftp.pride.ebi.ac.uk/pride/data/archive/2024/08/PXD049181/20231207_AST5_Evo5_ML_SA_40SPD_DIA_SCP_EB_1Cellc_29.raw	1	1	NT=Trypsin;AC=MS:1001251	NT=Orbitrap Astral;AC=MS:1003378	NT=Oxidation;MT=Variable;TA=M;AC=UNIMOD:35	NT=Acetyl;MT=Variable;TA=N-term;AC=UNIMOD:1	NT=Data-Independent Acquisition;AC=NCIT:C161786	NT=HCD;AC=PRIDE:0000590	20 ppm	0.5 Da	embryoid body
PXD049181-Sample-30	Homo sapiens	not applicable	embryoid body	not available	not available	not available	not available	not available	1	embryoid body	30	run 30	proteomic profiling by mass spectrometry	AC=MS:1002038;NT=label free sample	20231207_AST5_Evo5_ML_SA_40SPD_DIA_SCP_EB_1Cellc_30.raw	https://ftp.pride.ebi.ac.uk/pride/data/archive/2024/08/PXD049181/20231207_AST5_Evo5_ML_SA_40SPD_DIA_SCP_EB_1Cellc_30.raw	1	1	NT=Trypsin;AC=MS:1001251	NT=Orbitrap Astral;AC=MS:1003378	NT=Oxidation;MT=Variable;TA=M;AC=UNIMOD:35	NT=Acetyl;MT=Variable;TA=N-term;AC=UNIMOD:1	NT=Data-Independent Acquisition;AC=NCIT:C161786	NT=HCD;AC=PRIDE:0000590	20 ppm	0.5 Da	embryoid body
PXD049181-Sample-31	Homo sapiens	not applicable	embryoid body	not available	not available	not available	not available	not available	1	embryoid body	31	run 31	proteomic profiling by mass spectrometry	AC=MS:1002038;NT=label free sample	20231207_AST5_Evo5_ML_SA_40SPD_DIA_SCP_EB_1Cellc_31.raw	https://ftp.pride.ebi.ac.uk/pride/data/archive/2024/08/PXD049181/20231207_AST5_Evo5_ML_SA_40SPD_DIA_SCP_EB_1Cellc_31.raw	1	1	NT=Trypsin;AC=MS:1001251	NT=Orbitrap Astral;AC=MS:1003378	NT=Oxidation;MT=Variable;TA=M;AC=UNIMOD:35	NT=Acetyl;MT=Variable;TA=N-term;AC=UNIMOD:1	NT=Data-Independent Acquisition;AC=NCIT:C161786	NT=HCD;AC=PRIDE:0000590	20 ppm	0.5 Da	embryoid body
PXD049181-Sample-32	Homo sapiens	not applicable	embryoid body	not available	not available	not available	not available	not available	1	embryoid body	32	run 32	proteomic profiling by mass spectrometry	AC=MS:1002038;NT=label free sample	20231207_AST5_Evo5_ML_SA_40SPD_DIA_SCP_EB_1Cellc_32.raw	https://ftp.pride.ebi.ac.uk/pride/data/archive/2024/08/PXD049181/20231207_AST5_Evo5_ML_SA_40SPD_DIA_SCP_EB_1Cellc_32.raw	1	1	NT=Trypsin;AC=MS:1001251	NT=Orbitrap Astral;AC=MS:1003378	NT=Oxidation;MT=Variable;TA=M;AC=UNIMOD:35	NT=Acetyl;MT=Variable;TA=N-term;AC=UNIMOD:1	NT=Data-Independent Acquisition;AC=NCIT:C161786	NT=HCD;AC=PRIDE:0000590	20 ppm	0.5 Da	embryoid body
PXD049181-Sample-33	Homo sapiens	not applicable	embryoid body	not available	not available	not available	not available	not available	1	embryoid body	33	run 33	proteomic profiling by mass spectrometry	AC=MS:1002038;NT=label free sample	20231207_AST5_Evo5_ML_SA_40SPD_DIA_SCP_EB_1Cellc_33.raw	https://ftp.pride.ebi.ac.uk/pride/data/archive/2024/08/PXD049181/20231207_AST5_Evo5_ML_SA_40SPD_DIA_SCP_EB_1Cellc_33.raw	1	1	NT=Trypsin;AC=MS:1001251	NT=Orbitrap Astral;AC=MS:1003378	NT=Oxidation;MT=Variable;TA=M;AC=UNIMOD:35	NT=Acetyl;MT=Variable;TA=N-term;AC=UNIMOD:1	NT=Data-Independent Acquisition;AC=NCIT:C161786	NT=HCD;AC=PRIDE:0000590	20 ppm	0.5 Da	embryoid body
PXD049181-Sample-34	Homo sapiens	not applicable	embryoid body	not available	not available	not available	not available	not available	1	embryoid body	34	run 34	proteomic profiling by mass spectrometry	AC=MS:1002038;NT=label free sample	20231207_AST5_Evo5_ML_SA_40SPD_DIA_SCP_EB_1Cellc_34.raw	https://ftp.pride.ebi.ac.uk/pride/data/archive/2024/08/PXD049181/20231207_AST5_Evo5_ML_SA_40SPD_DIA_SCP_EB_1Cellc_34.raw	1	1	NT=Trypsin;AC=MS:1001251	NT=Orbitrap Astral;AC=MS:1003378	NT=Oxidation;MT=Variable;TA=M;AC=UNIMOD:35	NT=Acetyl;MT=Variable;TA=N-term;AC=UNIMOD:1	NT=Data-Independent Acquisition;AC=NCIT:C161786	NT=HCD;AC=PRIDE:0000590	20 ppm	0.5 Da	embryoid body
PXD049181-Sample-35	Homo sapiens	not applicable	embryoid body	not available	not available	not available	not available	not available	1	embryoid body	35	run 35	proteomic profiling by mass spectrometry	AC=MS:1002038;NT=label free sample	20231207_AST5_Evo5_ML_SA_40SPD_DIA_SCP_EB_1Cellc_35.raw	https://ftp.pride.ebi.ac.uk/pride/data/archive/2024/08/PXD049181/20231207_AST5_Evo5_ML_SA_40SPD_DIA_SCP_EB_1Cellc_35.raw	1	1	NT=Trypsin;AC=MS:1001251	NT=Orbitrap Astral;AC=MS:1003378	NT=Oxidation;MT=Variable;TA=M;AC=UNIMOD:35	NT=Acetyl;MT=Variable;TA=N-term;AC=UNIMOD:1	NT=Data-Independent Acquisition;AC=NCIT:C161786	NT=HCD;AC=PRIDE:0000590	20 ppm	0.5 Da	embryoid body
PXD049181-Sample-36	Homo sapiens	not applicable	embryoid body	not available	not available	not available	not available	not available	1	embryoid body	36	run 36	proteomic profiling by mass spectrometry	AC=MS:1002038;NT=label free sample	20231207_AST5_Evo5_ML_SA_40SPD_DIA_SCP_EB_1Cellc_36.raw	https://ftp.pride.ebi.ac.uk/pride/data/archive/2024/08/PXD049181/20231207_AST5_Evo5_ML_SA_40SPD_DIA_SCP_EB_1Cellc_36.raw	1	1	NT=Trypsin;AC=MS:1001251	NT=Orbitrap Astral;AC=MS:1003378	NT=Oxidation;MT=Variable;TA=M;AC=UNIMOD:35	NT=Acetyl;MT=Variable;TA=N-term;AC=UNIMOD:1	NT=Data-Independent Acquisition;AC=NCIT:C161786	NT=HCD;AC=PRIDE:0000590	20 ppm	0.5 Da	embryoid body
PXD049181-Sample-37	Homo sapiens	not applicable	embryoid body	not available	not available	not available	not available	not available	1	embryoid body	37	run 37	proteomic profiling by mass spectrometry	AC=MS:1002038;NT=label free sample	20231207_AST5_Evo5_ML_SA_40SPD_DIA_SCP_EB_1Cellc_37.raw	https://ftp.pride.ebi.ac.uk/pride/data/archive/2024/08/PXD049181/20231207_AST5_Evo5_ML_SA_40SPD_DIA_SCP_EB_1Cellc_37.raw	1	1	NT=Trypsin;AC=MS:1001251	NT=Orbitrap Astral;AC=MS:1003378	NT=Oxidation;MT=Variable;TA=M;AC=UNIMOD:35	NT=Acetyl;MT=Variable;TA=N-term;AC=UNIMOD:1	NT=Data-Independent Acquisition;AC=NCIT:C161786	NT=HCD;AC=PRIDE:0000590	20 ppm	0.5 Da	embryoid body
PXD049181-Sample-38	Homo sapiens	not applicable	embryoid body	not available	not available	not available	not available	not available	1	embryoid body	38	run 38	proteomic profiling by mass spectrometry	AC=MS:1002038;NT=label free sample	20231207_AST5_Evo5_ML_SA_40SPD_DIA_SCP_EB_1Cellc_38.raw	https://ftp.pride.ebi.ac.uk/pride/data/archive/2024/08/PXD049181/20231207_AST5_Evo5_ML_SA_40SPD_DIA_SCP_EB_1Cellc_38.raw	1	1	NT=Trypsin;AC=MS:1001251	NT=Orbitrap Astral;AC=MS:1003378	NT=Oxidation;MT=Variable;TA=M;AC=UNIMOD:35	NT=Acetyl;MT=Variable;TA=N-term;AC=UNIMOD:1	NT=Data-Independent Acquisition;AC=NCIT:C161786	NT=HCD;AC=PRIDE:0000590	20 ppm	0.5 Da	embryoid body
PXD049181-Sample-39	Homo sapiens	not applicable	embryoid body	not available	not available	not available	not available	not available	1	embryoid body	39	run 39	proteomic profiling by mass spectrometry	AC=MS:1002038;NT=label free sample	20231207_AST5_Evo5_ML_SA_40SPD_DIA_SCP_EB_1Cellc_39.raw	https://ftp.pride.ebi.ac.uk/pride/data/archive/2024/08/PXD049181/20231207_AST5_Evo5_ML_SA_40SPD_DIA_SCP_EB_1Cellc_39.raw	1	1	NT=Trypsin;AC=MS:1001251	NT=Orbitrap Astral;AC=MS:1003378	NT=Oxidation;MT=Variable;TA=M;AC=UNIMOD:35	NT=Acetyl;MT=Variable;TA=N-term;AC=UNIMOD:1	NT=Data-Independent Acquisition;AC=NCIT:C161786	NT=HCD;AC=PRIDE:0000590	20 ppm	0.5 Da	embryoid body
PXD049181-Sample-40	Homo sapiens	not applicable	embryoid body	not available	not available	not available	not available	not available	1	embryoid body	40	run 40	proteomic profiling by mass spectrometry	AC=MS:1002038;NT=label free sample	20231207_AST5_Evo5_ML_SA_40SPD_DIA_SCP_EB_1Cellc_40.raw	https://ftp.pride.ebi.ac.uk/pride/data/archive/2024/08/PXD049181/20231207_AST5_Evo5_ML_SA_40SPD_DIA_SCP_EB_1Cellc_40.raw	1	1	NT=Trypsin;AC=MS:1001251	NT=Orbitrap Astral;AC=MS:1003378	NT=Oxidation;MT=Variable;TA=M;AC=UNIMOD:35	NT=Acetyl;MT=Variable;TA=N-term;AC=UNIMOD:1	NT=Data-Independent Acquisition;AC=NCIT:C161786	NT=HCD;AC=PRIDE:0000590	20 ppm	0.5 Da	embryoid body
PXD049181-Sample-41	Homo sapiens	not applicable	embryoid body	not available	not available	not available	not available	not available	1	embryoid body	41	run 41	proteomic profiling by mass spectrometry	AC=MS:1002038;NT=label free sample	20231207_AST5_Evo5_ML_SA_40SPD_DIA_SCP_EB_1Cellc_41.raw	https://ftp.pride.ebi.ac.uk/pride/data/archive/2024/08/PXD049181/20231207_AST5_Evo5_ML_SA_40SPD_DIA_SCP_EB_1Cellc_41.raw	1	1	NT=Trypsin;AC=MS:1001251	NT=Orbitrap Astral;AC=MS:1003378	NT=Oxidation;MT=Variable;TA=M;AC=UNIMOD:35	NT=Acetyl;MT=Variable;TA=N-term;AC=UNIMOD:1	NT=Data-Independent Acquisition;AC=NCIT:C161786	NT=HCD;AC=PRIDE:0000590	20 ppm	0.5 Da	embryoid body
PXD049181-Sample-42	Homo sapiens	not applicable	embryoid body	not available	not available	not available	not available	not available	1	embryoid body	42	run 42	proteomic profiling by mass spectrometry	AC=MS:1002038;NT=label free sample	20231207_AST5_Evo5_ML_SA_40SPD_DIA_SCP_EB_1Cellc_42.raw	https://ftp.pride.ebi.ac.uk/pride/data/archive/2024/08/PXD049181/20231207_AST5_Evo5_ML_SA_40SPD_DIA_SCP_EB_1Cellc_42.raw	1	1	NT=Trypsin;AC=MS:1001251	NT=Orbitrap Astral;AC=MS:1003378	NT=Oxidation;MT=Variable;TA=M;AC=UNIMOD:35	NT=Acetyl;MT=Variable;TA=N-term;AC=UNIMOD:1	NT=Data-Independent Acquisition;AC=NCIT:C161786	NT=HCD;AC=PRIDE:0000590	20 ppm	0.5 Da	embryoid body
PXD049181-Sample-43	Homo sapiens	not applicable	embryoid body	not available	not available	not available	not available	not available	1	embryoid body	43	run 43	proteomic profiling by mass spectrometry	AC=MS:1002038;NT=label free sample	20231207_AST5_Evo5_ML_SA_40SPD_DIA_SCP_EB_1Cellc_43.raw	https://ftp.pride.ebi.ac.uk/pride/data/archive/2024/08/PXD049181/20231207_AST5_Evo5_ML_SA_40SPD_DIA_SCP_EB_1Cellc_43.raw	1	1	NT=Trypsin;AC=MS:1001251	NT=Orbitrap Astral;AC=MS:1003378	NT=Oxidation;MT=Variable;TA=M;AC=UNIMOD:35	NT=Acetyl;MT=Variable;TA=N-term;AC=UNIMOD:1	NT=Data-Independent Acquisition;AC=NCIT:C161786	NT=HCD;AC=PRIDE:0000590	20 ppm	0.5 Da	embryoid body
PXD049181-Sample-44	Homo sapiens	not applicable	embryoid body	not available	not available	not available	not available	not available	1	embryoid body	44	run 44	proteomic profiling by mass spectrometry	AC=MS:1002038;NT=label free sample	20231207_AST5_Evo5_ML_SA_40SPD_DIA_SCP_EB_1Cellc_44.raw	https://ftp.pride.ebi.ac.uk/pride/data/archive/2024/08/PXD049181/20231207_AST5_Evo5_ML_SA_40SPD_DIA_SCP_EB_1Cellc_44.raw	1	1	NT=Trypsin;AC=MS:1001251	NT=Orbitrap Astral;AC=MS:1003378	NT=Oxidation;MT=Variable;TA=M;AC=UNIMOD:35	NT=Acetyl;MT=Variable;TA=N-term;AC=UNIMOD:1	NT=Data-Independent Acquisition;AC=NCIT:C161786	NT=HCD;AC=PRIDE:0000590	20 ppm	0.5 Da	embryoid body
PXD049181-Sample-45	Homo sapiens	not applicable	embryoid body	not available	not available	not available	not available	not available	1	embryoid body	45	run 45	proteomic profiling by mass spectrometry	AC=MS:1002038;NT=label free sample	20231207_AST5_Evo5_ML_SA_40SPD_DIA_SCP_EB_1Cellc_45.raw	https://ftp.pride.ebi.ac.uk/pride/data/archive/2024/08/PXD049181/20231207_AST5_Evo5_ML_SA_40SPD_DIA_SCP_EB_1Cellc_45.raw	1	1	NT=Trypsin;AC=MS:1001251	NT=Orbitrap Astral;AC=MS:1003378	NT=Oxidation;MT=Variable;TA=M;AC=UNIMOD:35	NT=Acetyl;MT=Variable;TA=N-term;AC=UNIMOD:1	NT=Data-Independent Acquisition;AC=NCIT:C161786	NT=HCD;AC=PRIDE:0000590	20 ppm	0.5 Da	embryoid body
PXD049181-Sample-46	Homo sapiens	not applicable	embryoid body	not available	not available	not available	not available	not available	1	embryoid body	46	run 46	proteomic profiling by mass spectrometry	AC=MS:1002038;NT=label free sample	20231207_AST5_Evo5_ML_SA_40SPD_DIA_SCP_EB_1Cellc_46.raw	https://ftp.pride.ebi.ac.uk/pride/data/archive/2024/08/PXD049181/20231207_AST5_Evo5_ML_SA_40SPD_DIA_SCP_EB_1Cellc_46.raw	1	1	NT=Trypsin;AC=MS:1001251	NT=Orbitrap Astral;AC=MS:1003378	NT=Oxidation;MT=Variable;TA=M;AC=UNIMOD:35	NT=Acetyl;MT=Variable;TA=N-term;AC=UNIMOD:1	NT=Data-Independent Acquisition;AC=NCIT:C161786	NT=HCD;AC=PRIDE:0000590	20 ppm	0.5 Da	embryoid body
PXD049181-Sample-47	Homo sapiens	not applicable	embryoid body	not available	not available	not available	not available	not available	1	embryoid body	47	run 47	proteomic profiling by mass spectrometry	AC=MS:1002038;NT=label free sample	20231207_AST5_Evo5_ML_SA_40SPD_DIA_SCP_EB_1Cellc_47.raw	https://ftp.pride.ebi.ac.uk/pride/data/archive/2024/08/PXD049181/20231207_AST5_Evo5_ML_SA_40SPD_DIA_SCP_EB_1Cellc_47.raw	1	1	NT=Trypsin;AC=MS:1001251	NT=Orbitrap Astral;AC=MS:1003378	NT=Oxidation;MT=Variable;TA=M;AC=UNIMOD:35	NT=Acetyl;MT=Variable;TA=N-term;AC=UNIMOD:1	NT=Data-Independent Acquisition;AC=NCIT:C161786	NT=HCD;AC=PRIDE:0000590	20 ppm	0.5 Da	embryoid body
PXD049181-Sample-48	Homo sapiens	not applicable	embryoid body	not available	not available	not available	not available	not available	1	embryoid body	48	run 48	proteomic profiling by mass spectrometry	AC=MS:1002038;NT=label free sample	20231207_AST5_Evo5_ML_SA_40SPD_DIA_SCP_EB_1Cellc_48.raw	https://ftp.pride.ebi.ac.uk/pride/data/archive/2024/08/PXD049181/20231207_AST5_Evo5_ML_SA_40SPD_DIA_SCP_EB_1Cellc_48.raw	1	1	NT=Trypsin;AC=MS:1001251	NT=Orbitrap Astral;AC=MS:1003378	NT=Oxidation;MT=Variable;TA=M;AC=UNIMOD:35	NT=Acetyl;MT=Variable;TA=N-term;AC=UNIMOD:1	NT=Data-Independent Acquisition;AC=NCIT:C161786	NT=HCD;AC=PRIDE:0000590	20 ppm	0.5 Da	embryoid body
PXD049181-Sample-49	Homo sapiens	not applicable	embryoid body	not available	not available	not available	not available	not available	1	embryoid body	49	run 49	proteomic profiling by mass spectrometry	AC=MS:1002038;NT=label free sample	20231207_AST5_Evo5_ML_SA_40SPD_DIA_SCP_EB_1Cellc_49.raw	https://ftp.pride.ebi.ac.uk/pride/data/archive/2024/08/PXD049181/20231207_AST5_Evo5_ML_SA_40SPD_DIA_SCP_EB_1Cellc_49.raw	1	1	NT=Trypsin;AC=MS:1001251	NT=Orbitrap Astral;AC=MS:1003378	NT=Oxidation;MT=Variable;TA=M;AC=UNIMOD:35	NT=Acetyl;MT=Variable;TA=N-term;AC=UNIMOD:1	NT=Data-Independent Acquisition;AC=NCIT:C161786	NT=HCD;AC=PRIDE:0000590	20 ppm	0.5 Da	embryoid body
PXD049181-Sample-50	Homo sapiens	not applicable	embryoid body	not available	not available	not available	not available	not available	1	embryoid body	50	run 50	proteomic profiling by mass spectrometry	AC=MS:1002038;NT=label free sample	20231207_AST5_Evo5_ML_SA_40SPD_DIA_SCP_EB_1Cellc_50.raw	https://ftp.pride.ebi.ac.uk/pride/data/archive/2024/08/PXD049181/20231207_AST5_Evo5_ML_SA_40SPD_DIA_SCP_EB_1Cellc_50.raw	1	1	NT=Trypsin;AC=MS:1001251	NT=Orbitrap Astral;AC=MS:1003378	NT=Oxidation;MT=Variable;TA=M;AC=UNIMOD:35	NT=Acetyl;MT=Variable;TA=N-term;AC=UNIMOD:1	NT=Data-Independent Acquisition;AC=NCIT:C161786	NT=HCD;AC=PRIDE:0000590	20 ppm	0.5 Da	embryoid body
PXD049181-Sample-51	Homo sapiens	not applicable	embryoid body	not available	not available	not available	not available	not available	1	embryoid body	51	run 51	proteomic profiling by mass spectrometry	AC=MS:1002038;NT=label free sample	20231207_AST5_Evo5_ML_SA_40SPD_DIA_SCP_EB_1Cellc_51.raw	https://ftp.pride.ebi.ac.uk/pride/data/archive/2024/08/PXD049181/20231207_AST5_Evo5_ML_SA_40SPD_DIA_SCP_EB_1Cellc_51.raw	1	1	NT=Trypsin;AC=MS:1001251	NT=Orbitrap Astral;AC=MS:1003378	NT=Oxidation;MT=Variable;TA=M;AC=UNIMOD:35	NT=Acetyl;MT=Variable;TA=N-term;AC=UNIMOD:1	NT=Data-Independent Acquisition;AC=NCIT:C161786	NT=HCD;AC=PRIDE:0000590	20 ppm	0.5 Da	embryoid body
PXD049181-Sample-52	Homo sapiens	not applicable	embryoid body	not available	not available	not available	not available	not available	1	embryoid body	52	run 52	proteomic profiling by mass spectrometry	AC=MS:1002038;NT=label free sample	20231207_AST5_Evo5_ML_SA_40SPD_DIA_SCP_EB_1Cellc_52.raw	https://ftp.pride.ebi.ac.uk/pride/data/archive/2024/08/PXD049181/20231207_AST5_Evo5_ML_SA_40SPD_DIA_SCP_EB_1Cellc_52.raw	1	1	NT=Trypsin;AC=MS:1001251	NT=Orbitrap Astral;AC=MS:1003378	NT=Oxidation;MT=Variable;TA=M;AC=UNIMOD:35	NT=Acetyl;MT=Variable;TA=N-term;AC=UNIMOD:1	NT=Data-Independent Acquisition;AC=NCIT:C161786	NT=HCD;AC=PRIDE:0000590	20 ppm	0.5 Da	embryoid body
PXD049181-Sample-53	Homo sapiens	not applicable	embryoid body	not available	not available	not available	not available	not available	1	embryoid body	53	run 53	proteomic profiling by mass spectrometry	AC=MS:1002038;NT=label free sample	20231207_AST5_Evo5_ML_SA_40SPD_DIA_SCP_EB_1Cellc_53.raw	https://ftp.pride.ebi.ac.uk/pride/data/archive/2024/08/PXD049181/20231207_AST5_Evo5_ML_SA_40SPD_DIA_SCP_EB_1Cellc_53.raw	1	1	NT=Trypsin;AC=MS:1001251	NT=Orbitrap Astral;AC=MS:1003378	NT=Oxidation;MT=Variable;TA=M;AC=UNIMOD:35	NT=Acetyl;MT=Variable;TA=N-term;AC=UNIMOD:1	NT=Data-Independent Acquisition;AC=NCIT:C161786	NT=HCD;AC=PRIDE:0000590	20 ppm	0.5 Da	embryoid body
PXD049181-Sample-54	Homo sapiens	not applicable	embryoid body	not available	not available	not available	not available	not available	1	embryoid body	54	run 54	proteomic profiling by mass spectrometry	AC=MS:1002038;NT=label free sample	20231207_AST5_Evo5_ML_SA_40SPD_DIA_SCP_EB_1Cellc_54.raw	https://ftp.pride.ebi.ac.uk/pride/data/archive/2024/08/PXD049181/20231207_AST5_Evo5_ML_SA_40SPD_DIA_SCP_EB_1Cellc_54.raw	1	1	NT=Trypsin;AC=MS:1001251	NT=Orbitrap Astral;AC=MS:1003378	NT=Oxidation;MT=Variable;TA=M;AC=UNIMOD:35	NT=Acetyl;MT=Variable;TA=N-term;AC=UNIMOD:1	NT=Data-Independent Acquisition;AC=NCIT:C161786	NT=HCD;AC=PRIDE:0000590	20 ppm	0.5 Da	embryoid body
PXD049181-Sample-55	Homo sapiens	not applicable	embryoid body	not available	not available	not available	not available	not available	1	embryoid body	55	run 55	proteomic profiling by mass spectrometry	AC=MS:1002038;NT=label free sample	20231207_AST5_Evo5_ML_SA_40SPD_DIA_SCP_EB_1Cellc_55.raw	https://ftp.pride.ebi.ac.uk/pride/data/archive/2024/08/PXD049181/20231207_AST5_Evo5_ML_SA_40SPD_DIA_SCP_EB_1Cellc_55.raw	1	1	NT=Trypsin;AC=MS:1001251	NT=Orbitrap Astral;AC=MS:1003378	NT=Oxidation;MT=Variable;TA=M;AC=UNIMOD:35	NT=Acetyl;MT=Variable;TA=N-term;AC=UNIMOD:1	NT=Data-Independent Acquisition;AC=NCIT:C161786	NT=HCD;AC=PRIDE:0000590	20 ppm	0.5 Da	embryoid body
PXD049181-Sample-56	Homo sapiens	not applicable	embryoid body	not available	not available	not available	not available	not available	1	embryoid body	56	run 56	proteomic profiling by mass spectrometry	AC=MS:1002038;NT=label free sample	20231207_AST5_Evo5_ML_SA_40SPD_DIA_SCP_EB_1Cellc_56.raw	https://ftp.pride.ebi.ac.uk/pride/data/archive/2024/08/PXD049181/20231207_AST5_Evo5_ML_SA_40SPD_DIA_SCP_EB_1Cellc_56.raw	1	1	NT=Trypsin;AC=MS:1001251	NT=Orbitrap Astral;AC=MS:1003378	NT=Oxidation;MT=Variable;TA=M;AC=UNIMOD:35	NT=Acetyl;MT=Variable;TA=N-term;AC=UNIMOD:1	NT=Data-Independent Acquisition;AC=NCIT:C161786	NT=HCD;AC=PRIDE:0000590	20 ppm	0.5 Da	embryoid body
PXD049181-Sample-57	Homo sapiens	not applicable	embryoid body	not available	not available	not available	not available	not available	1	embryoid body	57	run 57	proteomic profiling by mass spectrometry	AC=MS:1002038;NT=label free sample	20231207_AST5_Evo5_ML_SA_40SPD_DIA_SCP_EB_1Cellc_57.raw	https://ftp.pride.ebi.ac.uk/pride/data/archive/2024/08/PXD049181/20231207_AST5_Evo5_ML_SA_40SPD_DIA_SCP_EB_1Cellc_57.raw	1	1	NT=Trypsin;AC=MS:1001251	NT=Orbitrap Astral;AC=MS:1003378	NT=Oxidation;MT=Variable;TA=M;AC=UNIMOD:35	NT=Acetyl;MT=Variable;TA=N-term;AC=UNIMOD:1	NT=Data-Independent Acquisition;AC=NCIT:C161786	NT=HCD;AC=PRIDE:0000590	20 ppm	0.5 Da	embryoid body
PXD049181-Sample-58	Homo sapiens	not applicable	embryoid body	not available	not available	not available	not available	not available	1	embryoid body	58	run 58	proteomic profiling by mass spectrometry	AC=MS:1002038;NT=label free sample	20231207_AST5_Evo5_ML_SA_40SPD_DIA_SCP_EB_1Cellc_58.raw	https://ftp.pride.ebi.ac.uk/pride/data/archive/2024/08/PXD049181/20231207_AST5_Evo5_ML_SA_40SPD_DIA_SCP_EB_1Cellc_58.raw	1	1	NT=Trypsin;AC=MS:1001251	NT=Orbitrap Astral;AC=MS:1003378	NT=Oxidation;MT=Variable;TA=M;AC=UNIMOD:35	NT=Acetyl;MT=Variable;TA=N-term;AC=UNIMOD:1	NT=Data-Independent Acquisition;AC=NCIT:C161786	NT=HCD;AC=PRIDE:0000590	20 ppm	0.5 Da	embryoid body
PXD049181-Sample-59	Homo sapiens	not applicable	embryoid body	not available	not available	not available	not available	not available	1	embryoid body	59	run 59	proteomic profiling by mass spectrometry	AC=MS:1002038;NT=label free sample	20231207_AST5_Evo5_ML_SA_40SPD_DIA_SCP_EB_1Cellc_59.raw	https://ftp.pride.ebi.ac.uk/pride/data/archive/2024/08/PXD049181/20231207_AST5_Evo5_ML_SA_40SPD_DIA_SCP_EB_1Cellc_59.raw	1	1	NT=Trypsin;AC=MS:1001251	NT=Orbitrap Astral;AC=MS:1003378	NT=Oxidation;MT=Variable;TA=M;AC=UNIMOD:35	NT=Acetyl;MT=Variable;TA=N-term;AC=UNIMOD:1	NT=Data-Independent Acquisition;AC=NCIT:C161786	NT=HCD;AC=PRIDE:0000590	20 ppm	0.5 Da	embryoid body
PXD049181-Sample-60	Homo sapiens	not applicable	embryoid body	not available	not available	not available	not available	not available	1	embryoid body	60	run 60	proteomic profiling by mass spectrometry	AC=MS:1002038;NT=label free sample	20231207_AST5_Evo5_ML_SA_40SPD_DIA_SCP_EB_1Cellc_60.raw	https://ftp.pride.ebi.ac.uk/pride/data/archive/2024/08/PXD049181/20231207_AST5_Evo5_ML_SA_40SPD_DIA_SCP_EB_1Cellc_60.raw	1	1	NT=Trypsin;AC=MS:1001251	NT=Orbitrap Astral;AC=MS:1003378	NT=Oxidation;MT=Variable;TA=M;AC=UNIMOD:35	NT=Acetyl;MT=Variable;TA=N-term;AC=UNIMOD:1	NT=Data-Independent Acquisition;AC=NCIT:C161786	NT=HCD;AC=PRIDE:0000590	20 ppm	0.5 Da	embryoid body
PXD049181-Sample-61	Homo sapiens	not applicable	embryoid body	not available	not available	not available	not available	not available	1	embryoid body	61	run 61	proteomic profiling by mass spectrometry	AC=MS:1002038;NT=label free sample	20231207_AST5_Evo5_ML_SA_40SPD_DIA_SCP_EB_1Cellc_61.raw	https://ftp.pride.ebi.ac.uk/pride/data/archive/2024/08/PXD049181/20231207_AST5_Evo5_ML_SA_40SPD_DIA_SCP_EB_1Cellc_61.raw	1	1	NT=Trypsin;AC=MS:1001251	NT=Orbitrap Astral;AC=MS:1003378	NT=Oxidation;MT=Variable;TA=M;AC=UNIMOD:35	NT=Acetyl;MT=Variable;TA=N-term;AC=UNIMOD:1	NT=Data-Independent Acquisition;AC=NCIT:C161786	NT=HCD;AC=PRIDE:0000590	20 ppm	0.5 Da	embryoid body
PXD049181-Sample-62	Homo sapiens	not applicable	embryoid body	not available	not available	not available	not available	not available	1	embryoid body	62	run 62	proteomic profiling by mass spectrometry	AC=MS:1002038;NT=label free sample	20231207_AST5_Evo5_ML_SA_40SPD_DIA_SCP_EB_1Cellc_62.raw	https://ftp.pride.ebi.ac.uk/pride/data/archive/2024/08/PXD049181/20231207_AST5_Evo5_ML_SA_40SPD_DIA_SCP_EB_1Cellc_62.raw	1	1	NT=Trypsin;AC=MS:1001251	NT=Orbitrap Astral;AC=MS:1003378	NT=Oxidation;MT=Variable;TA=M;AC=UNIMOD:35	NT=Acetyl;MT=Variable;TA=N-term;AC=UNIMOD:1	NT=Data-Independent Acquisition;AC=NCIT:C161786	NT=HCD;AC=PRIDE:0000590	20 ppm	0.5 Da	embryoid body
PXD049181-Sample-63	Homo sapiens	not applicable	embryoid body	not available	not available	not available	not available	not available	1	embryoid body	63	run 63	proteomic profiling by mass spectrometry	AC=MS:1002038;NT=label free sample	20231207_AST5_Evo5_ML_SA_40SPD_DIA_SCP_EB_1Cellc_63.raw	https://ftp.pride.ebi.ac.uk/pride/data/archive/2024/08/PXD049181/20231207_AST5_Evo5_ML_SA_40SPD_DIA_SCP_EB_1Cellc_63.raw	1	1	NT=Trypsin;AC=MS:1001251	NT=Orbitrap Astral;AC=MS:1003378	NT=Oxidation;MT=Variable;TA=M;AC=UNIMOD:35	NT=Acetyl;MT=Variable;TA=N-term;AC=UNIMOD:1	NT=Data-Independent Acquisition;AC=NCIT:C161786	NT=HCD;AC=PRIDE:0000590	20 ppm	0.5 Da	embryoid body
PXD049181-Sample-64	Homo sapiens	not applicable	embryoid body	not available	not available	not available	not available	not available	1	embryoid body	64	run 64	proteomic profiling by mass spectrometry	AC=MS:1002038;NT=label free sample	20231207_AST5_Evo5_ML_SA_40SPD_DIA_SCP_EB_1Cellc_64.raw	https://ftp.pride.ebi.ac.uk/pride/data/archive/2024/08/PXD049181/20231207_AST5_Evo5_ML_SA_40SPD_DIA_SCP_EB_1Cellc_64.raw	1	1	NT=Trypsin;AC=MS:1001251	NT=Orbitrap Astral;AC=MS:1003378	NT=Oxidation;MT=Variable;TA=M;AC=UNIMOD:35	NT=Acetyl;MT=Variable;TA=N-term;AC=UNIMOD:1	NT=Data-Independent Acquisition;AC=NCIT:C161786	NT=HCD;AC=PRIDE:0000590	20 ppm	0.5 Da	embryoid body
PXD049181-Sample-65	Homo sapiens	not applicable	embryoid body	not available	not available	not available	not available	not available	1	embryoid body	65	run 65	proteomic profiling by mass spectrometry	AC=MS:1002038;NT=label free sample	20231207_AST5_Evo5_ML_SA_40SPD_DIA_SCP_EB_1Cellc_65.raw	https://ftp.pride.ebi.ac.uk/pride/data/archive/2024/08/PXD049181/20231207_AST5_Evo5_ML_SA_40SPD_DIA_SCP_EB_1Cellc_65.raw	1	1	NT=Trypsin;AC=MS:1001251	NT=Orbitrap Astral;AC=MS:1003378	NT=Oxidation;MT=Variable;TA=M;AC=UNIMOD:35	NT=Acetyl;MT=Variable;TA=N-term;AC=UNIMOD:1	NT=Data-Independent Acquisition;AC=NCIT:C161786	NT=HCD;AC=PRIDE:0000590	20 ppm	0.5 Da	embryoid body
PXD049181-Sample-66	Homo sapiens	not applicable	embryoid body	not available	not available	not available	not available	not available	1	embryoid body	66	run 66	proteomic profiling by mass spectrometry	AC=MS:1002038;NT=label free sample	20231207_AST5_Evo5_ML_SA_40SPD_DIA_SCP_EB_1Cellc_66.raw	https://ftp.pride.ebi.ac.uk/pride/data/archive/2024/08/PXD049181/20231207_AST5_Evo5_ML_SA_40SPD_DIA_SCP_EB_1Cellc_66.raw	1	1	NT=Trypsin;AC=MS:1001251	NT=Orbitrap Astral;AC=MS:1003378	NT=Oxidation;MT=Variable;TA=M;AC=UNIMOD:35	NT=Acetyl;MT=Variable;TA=N-term;AC=UNIMOD:1	NT=Data-Independent Acquisition;AC=NCIT:C161786	NT=HCD;AC=PRIDE:0000590	20 ppm	0.5 Da	embryoid body
PXD049181-Sample-67	Homo sapiens	not applicable	embryoid body	not available	not available	not available	not available	not available	1	embryoid body	67	run 67	proteomic profiling by mass spectrometry	AC=MS:1002038;NT=label free sample	20231207_AST5_Evo5_ML_SA_40SPD_DIA_SCP_EB_1Cellc_67.raw	https://ftp.pride.ebi.ac.uk/pride/data/archive/2024/08/PXD049181/20231207_AST5_Evo5_ML_SA_40SPD_DIA_SCP_EB_1Cellc_67.raw	1	1	NT=Trypsin;AC=MS:1001251	NT=Orbitrap Astral;AC=MS:1003378	NT=Oxidation;MT=Variable;TA=M;AC=UNIMOD:35	NT=Acetyl;MT=Variable;TA=N-term;AC=UNIMOD:1	NT=Data-Independent Acquisition;AC=NCIT:C161786	NT=HCD;AC=PRIDE:0000590	20 ppm	0.5 Da	embryoid body
PXD049181-Sample-68	Homo sapiens	not applicable	embryoid body	not available	not available	not available	not available	not available	1	embryoid body	68	run 68	proteomic profiling by mass spectrometry	AC=MS:1002038;NT=label free sample	20231207_AST5_Evo5_ML_SA_40SPD_DIA_SCP_EB_1Cellc_68.raw	https://ftp.pride.ebi.ac.uk/pride/data/archive/2024/08/PXD049181/20231207_AST5_Evo5_ML_SA_40SPD_DIA_SCP_EB_1Cellc_68.raw	1	1	NT=Trypsin;AC=MS:1001251	NT=Orbitrap Astral;AC=MS:1003378	NT=Oxidation;MT=Variable;TA=M;AC=UNIMOD:35	NT=Acetyl;MT=Variable;TA=N-term;AC=UNIMOD:1	NT=Data-Independent Acquisition;AC=NCIT:C161786	NT=HCD;AC=PRIDE:0000590	20 ppm	0.5 Da	embryoid body
PXD049181-Sample-69	Homo sapiens	not applicable	embryoid body	not available	not available	not available	not available	not available	1	embryoid body	69	run 69	proteomic profiling by mass spectrometry	AC=MS:1002038;NT=label free sample	20231207_AST5_Evo5_ML_SA_40SPD_DIA_SCP_EB_1Cellc_69.raw	https://ftp.pride.ebi.ac.uk/pride/data/archive/2024/08/PXD049181/20231207_AST5_Evo5_ML_SA_40SPD_DIA_SCP_EB_1Cellc_69.raw	1	1	NT=Trypsin;AC=MS:1001251	NT=Orbitrap Astral;AC=MS:1003378	NT=Oxidation;MT=Variable;TA=M;AC=UNIMOD:35	NT=Acetyl;MT=Variable;TA=N-term;AC=UNIMOD:1	NT=Data-Independent Acquisition;AC=NCIT:C161786	NT=HCD;AC=PRIDE:0000590	20 ppm	0.5 Da	embryoid body
PXD049181-Sample-70	Homo sapiens	not applicable	embryoid body	not available	not available	not available	not available	not available	1	embryoid body	70	run 70	proteomic profiling by mass spectrometry	AC=MS:1002038;NT=label free sample	20231207_AST5_Evo5_ML_SA_40SPD_DIA_SCP_EB_1Cellc_70.raw	https://ftp.pride.ebi.ac.uk/pride/data/archive/2024/08/PXD049181/20231207_AST5_Evo5_ML_SA_40SPD_DIA_SCP_EB_1Cellc_70.raw	1	1	NT=Trypsin;AC=MS:1001251	NT=Orbitrap Astral;AC=MS:1003378	NT=Oxidation;MT=Variable;TA=M;AC=UNIMOD:35	NT=Acetyl;MT=Variable;TA=N-term;AC=UNIMOD:1	NT=Data-Independent Acquisition;AC=NCIT:C161786	NT=HCD;AC=PRIDE:0000590	20 ppm	0.5 Da	embryoid body
PXD049181-Sample-71	Homo sapiens	not applicable	embryoid body	not available	not available	not available	not available	not available	1	embryoid body	71	run 71	proteomic profiling by mass spectrometry	AC=MS:1002038;NT=label free sample	20231207_AST5_Evo5_ML_SA_40SPD_DIA_SCP_EB_1Cellc_71.raw	https://ftp.pride.ebi.ac.uk/pride/data/archive/2024/08/PXD049181/20231207_AST5_Evo5_ML_SA_40SPD_DIA_SCP_EB_1Cellc_71.raw	1	1	NT=Trypsin;AC=MS:1001251	NT=Orbitrap Astral;AC=MS:1003378	NT=Oxidation;MT=Variable;TA=M;AC=UNIMOD:35	NT=Acetyl;MT=Variable;TA=N-term;AC=UNIMOD:1	NT=Data-Independent Acquisition;AC=NCIT:C161786	NT=HCD;AC=PRIDE:0000590	20 ppm	0.5 Da	embryoid body
PXD049181-Sample-72	Homo sapiens	not applicable	embryoid body	not available	not available	not available	not available	not available	1	embryoid body	72	run 72	proteomic profiling by mass spectrometry	AC=MS:1002038;NT=label free sample	20231207_AST5_Evo5_ML_SA_40SPD_DIA_SCP_EB_1Cellc_72.raw	https://ftp.pride.ebi.ac.uk/pride/data/archive/2024/08/PXD049181/20231207_AST5_Evo5_ML_SA_40SPD_DIA_SCP_EB_1Cellc_72.raw	1	1	NT=Trypsin;AC=MS:1001251	NT=Orbitrap Astral;AC=MS:1003378	NT=Oxidation;MT=Variable;TA=M;AC=UNIMOD:35	NT=Acetyl;MT=Variable;TA=N-term;AC=UNIMOD:1	NT=Data-Independent Acquisition;AC=NCIT:C161786	NT=HCD;AC=PRIDE:0000590	20 ppm	0.5 Da	embryoid body
PXD049181-Sample-73	Homo sapiens	not applicable	embryoid body	not available	not available	not available	not available	not available	1	embryoid body	73	run 73	proteomic profiling by mass spectrometry	AC=MS:1002038;NT=label free sample	20231207_AST5_Evo5_ML_SA_40SPD_DIA_SCP_EB_1Cellc_73.raw	https://ftp.pride.ebi.ac.uk/pride/data/archive/2024/08/PXD049181/20231207_AST5_Evo5_ML_SA_40SPD_DIA_SCP_EB_1Cellc_73.raw	1	1	NT=Trypsin;AC=MS:1001251	NT=Orbitrap Astral;AC=MS:1003378	NT=Oxidation;MT=Variable;TA=M;AC=UNIMOD:35	NT=Acetyl;MT=Variable;TA=N-term;AC=UNIMOD:1	NT=Data-Independent Acquisition;AC=NCIT:C161786	NT=HCD;AC=PRIDE:0000590	20 ppm	0.5 Da	embryoid body
PXD049181-Sample-74	Homo sapiens	not applicable	embryoid body	not available	not available	not available	not available	not available	1	embryoid body	74	run 74	proteomic profiling by mass spectrometry	AC=MS:1002038;NT=label free sample	20231207_AST5_Evo5_ML_SA_40SPD_DIA_SCP_EB_1Cellc_74.raw	https://ftp.pride.ebi.ac.uk/pride/data/archive/2024/08/PXD049181/20231207_AST5_Evo5_ML_SA_40SPD_DIA_SCP_EB_1Cellc_74.raw	1	1	NT=Trypsin;AC=MS:1001251	NT=Orbitrap Astral;AC=MS:1003378	NT=Oxidation;MT=Variable;TA=M;AC=UNIMOD:35	NT=Acetyl;MT=Variable;TA=N-term;AC=UNIMOD:1	NT=Data-Independent Acquisition;AC=NCIT:C161786	NT=HCD;AC=PRIDE:0000590	20 ppm	0.5 Da	embryoid body
PXD049181-Sample-75	Homo sapiens	not applicable	embryoid body	not available	not available	not available	not available	not available	1	embryoid body	75	run 75	proteomic profiling by mass spectrometry	AC=MS:1002038;NT=label free sample	20231207_AST5_Evo5_ML_SA_40SPD_DIA_SCP_EB_1Cellc_75.raw	https://ftp.pride.ebi.ac.uk/pride/data/archive/2024/08/PXD049181/20231207_AST5_Evo5_ML_SA_40SPD_DIA_SCP_EB_1Cellc_75.raw	1	1	NT=Trypsin;AC=MS:1001251	NT=Orbitrap Astral;AC=MS:1003378	NT=Oxidation;MT=Variable;TA=M;AC=UNIMOD:35	NT=Acetyl;MT=Variable;TA=N-term;AC=UNIMOD:1	NT=Data-Independent Acquisition;AC=NCIT:C161786	NT=HCD;AC=PRIDE:0000590	20 ppm	0.5 Da	embryoid body
PXD049181-Sample-76	Homo sapiens	not applicable	embryoid body	not available	not available	not available	not available	not available	1	embryoid body	76	run 76	proteomic profiling by mass spectrometry	AC=MS:1002038;NT=label free sample	20231207_AST5_Evo5_ML_SA_40SPD_DIA_SCP_EB_1Cellc_76.raw	https://ftp.pride.ebi.ac.uk/pride/data/archive/2024/08/PXD049181/20231207_AST5_Evo5_ML_SA_40SPD_DIA_SCP_EB_1Cellc_76.raw	1	1	NT=Trypsin;AC=MS:1001251	NT=Orbitrap Astral;AC=MS:1003378	NT=Oxidation;MT=Variable;TA=M;AC=UNIMOD:35	NT=Acetyl;MT=Variable;TA=N-term;AC=UNIMOD:1	NT=Data-Independent Acquisition;AC=NCIT:C161786	NT=HCD;AC=PRIDE:0000590	20 ppm	0.5 Da	embryoid body
PXD049181-Sample-77	Homo sapiens	not applicable	embryoid body	not available	not available	not available	not available	not available	1	embryoid body	77	run 77	proteomic profiling by mass spectrometry	AC=MS:1002038;NT=label free sample	20231207_AST5_Evo5_ML_SA_40SPD_DIA_SCP_EB_1Cellc_77.raw	https://ftp.pride.ebi.ac.uk/pride/data/archive/2024/08/PXD049181/20231207_AST5_Evo5_ML_SA_40SPD_DIA_SCP_EB_1Cellc_77.raw	1	1	NT=Trypsin;AC=MS:1001251	NT=Orbitrap Astral;AC=MS:1003378	NT=Oxidation;MT=Variable;TA=M;AC=UNIMOD:35	NT=Acetyl;MT=Variable;TA=N-term;AC=UNIMOD:1	NT=Data-Independent Acquisition;AC=NCIT:C161786	NT=HCD;AC=PRIDE:0000590	20 ppm	0.5 Da	embryoid body
PXD049181-Sample-78	Homo sapiens	not applicable	embryoid body	not available	not available	not available	not available	not available	1	embryoid body	78	run 78	proteomic profiling by mass spectrometry	AC=MS:1002038;NT=label free sample	20231207_AST5_Evo5_ML_SA_40SPD_DIA_SCP_EB_1Cellc_78.raw	https://ftp.pride.ebi.ac.uk/pride/data/archive/2024/08/PXD049181/20231207_AST5_Evo5_ML_SA_40SPD_DIA_SCP_EB_1Cellc_78.raw	1	1	NT=Trypsin;AC=MS:1001251	NT=Orbitrap Astral;AC=MS:1003378	NT=Oxidation;MT=Variable;TA=M;AC=UNIMOD:35	NT=Acetyl;MT=Variable;TA=N-term;AC=UNIMOD:1	NT=Data-Independent Acquisition;AC=NCIT:C161786	NT=HCD;AC=PRIDE:0000590	20 ppm	0.5 Da	embryoid body
PXD049181-Sample-79	Homo sapiens	not applicable	embryoid body	not available	not available	not available	not available	not available	1	embryoid body	79	run 79	proteomic profiling by mass spectrometry	AC=MS:1002038;NT=label free sample	20231207_AST5_Evo5_ML_SA_40SPD_DIA_SCP_EB_1Cellc_79.raw	https://ftp.pride.ebi.ac.uk/pride/data/archive/2024/08/PXD049181/20231207_AST5_Evo5_ML_SA_40SPD_DIA_SCP_EB_1Cellc_79.raw	1	1	NT=Trypsin;AC=MS:1001251	NT=Orbitrap Astral;AC=MS:1003378	NT=Oxidation;MT=Variable;TA=M;AC=UNIMOD:35	NT=Acetyl;MT=Variable;TA=N-term;AC=UNIMOD:1	NT=Data-Independent Acquisition;AC=NCIT:C161786	NT=HCD;AC=PRIDE:0000590	20 ppm	0.5 Da	embryoid body
PXD049181-Sample-80	Homo sapiens	not applicable	embryoid body	not available	not available	not available	not available	not available	1	embryoid body	80	run 80	proteomic profiling by mass spectrometry	AC=MS:1002038;NT=label free sample	20231207_AST5_Evo5_ML_SA_40SPD_DIA_SCP_EB_1Cellc_80.raw	https://ftp.pride.ebi.ac.uk/pride/data/archive/2024/08/PXD049181/20231207_AST5_Evo5_ML_SA_40SPD_DIA_SCP_EB_1Cellc_80.raw	1	1	NT=Trypsin;AC=MS:1001251	NT=Orbitrap Astral;AC=MS:1003378	NT=Oxidation;MT=Variable;TA=M;AC=UNIMOD:35	NT=Acetyl;MT=Variable;TA=N-term;AC=UNIMOD:1	NT=Data-Independent Acquisition;AC=NCIT:C161786	NT=HCD;AC=PRIDE:0000590	20 ppm	0.5 Da	embryoid body
PXD049181-Sample-81	Homo sapiens	not applicable	embryoid body	not available	not available	not available	not available	not available	1	embryoid body	81	run 81	proteomic profiling by mass spectrometry	AC=MS:1002038;NT=label free sample	20231207_AST5_Evo5_ML_SA_40SPD_DIA_SCP_EB_1Cellc_81.raw	https://ftp.pride.ebi.ac.uk/pride/data/archive/2024/08/PXD049181/20231207_AST5_Evo5_ML_SA_40SPD_DIA_SCP_EB_1Cellc_81.raw	1	1	NT=Trypsin;AC=MS:1001251	NT=Orbitrap Astral;AC=MS:1003378	NT=Oxidation;MT=Variable;TA=M;AC=UNIMOD:35	NT=Acetyl;MT=Variable;TA=N-term;AC=UNIMOD:1	NT=Data-Independent Acquisition;AC=NCIT:C161786	NT=HCD;AC=PRIDE:0000590	20 ppm	0.5 Da	embryoid body
PXD049181-Sample-82	Homo sapiens	not applicable	embryoid body	not available	not available	not available	not available	not available	1	embryoid body	82	run 82	proteomic profiling by mass spectrometry	AC=MS:1002038;NT=label free sample	20231207_AST5_Evo5_ML_SA_40SPD_DIA_SCP_EB_1Cellc_82.raw	https://ftp.pride.ebi.ac.uk/pride/data/archive/2024/08/PXD049181/20231207_AST5_Evo5_ML_SA_40SPD_DIA_SCP_EB_1Cellc_82.raw	1	1	NT=Trypsin;AC=MS:1001251	NT=Orbitrap Astral;AC=MS:1003378	NT=Oxidation;MT=Variable;TA=M;AC=UNIMOD:35	NT=Acetyl;MT=Variable;TA=N-term;AC=UNIMOD:1	NT=Data-Independent Acquisition;AC=NCIT:C161786	NT=HCD;AC=PRIDE:0000590	20 ppm	0.5 Da	embryoid body
PXD049181-Sample-83	Homo sapiens	not applicable	embryoid body	not available	not available	not available	not available	not available	1	embryoid body	83	run 83	proteomic profiling by mass spectrometry	AC=MS:1002038;NT=label free sample	20231207_AST5_Evo5_ML_SA_40SPD_DIA_SCP_EB_1Cellc_83.raw	https://ftp.pride.ebi.ac.uk/pride/data/archive/2024/08/PXD049181/20231207_AST5_Evo5_ML_SA_40SPD_DIA_SCP_EB_1Cellc_83.raw	1	1	NT=Trypsin;AC=MS:1001251	NT=Orbitrap Astral;AC=MS:1003378	NT=Oxidation;MT=Variable;TA=M;AC=UNIMOD:35	NT=Acetyl;MT=Variable;TA=N-term;AC=UNIMOD:1	NT=Data-Independent Acquisition;AC=NCIT:C161786	NT=HCD;AC=PRIDE:0000590	20 ppm	0.5 Da	embryoid body
PXD049181-Sample-84	Homo sapiens	not applicable	embryoid body	not available	not available	not available	not available	not available	1	embryoid body	84	run 84	proteomic profiling by mass spectrometry	AC=MS:1002038;NT=label free sample	20231207_AST5_Evo5_ML_SA_40SPD_DIA_SCP_EB_1Cellc_84.raw	https://ftp.pride.ebi.ac.uk/pride/data/archive/2024/08/PXD049181/20231207_AST5_Evo5_ML_SA_40SPD_DIA_SCP_EB_1Cellc_84.raw	1	1	NT=Trypsin;AC=MS:1001251	NT=Orbitrap Astral;AC=MS:1003378	NT=Oxidation;MT=Variable;TA=M;AC=UNIMOD:35	NT=Acetyl;MT=Variable;TA=N-term;AC=UNIMOD:1	NT=Data-Independent Acquisition;AC=NCIT:C161786	NT=HCD;AC=PRIDE:0000590	20 ppm	0.5 Da	embryoid body
PXD049181-Sample-85	Homo sapiens	not applicable	embryoid body	not available	not available	not available	not available	not available	1	embryoid body	85	run 85	proteomic profiling by mass spectrometry	AC=MS:1002038;NT=label free sample	20231207_AST5_Evo5_ML_SA_40SPD_DIA_SCP_EB_1Cellc_85.raw	https://ftp.pride.ebi.ac.uk/pride/data/archive/2024/08/PXD049181/20231207_AST5_Evo5_ML_SA_40SPD_DIA_SCP_EB_1Cellc_85.raw	1	1	NT=Trypsin;AC=MS:1001251	NT=Orbitrap Astral;AC=MS:1003378	NT=Oxidation;MT=Variable;TA=M;AC=UNIMOD:35	NT=Acetyl;MT=Variable;TA=N-term;AC=UNIMOD:1	NT=Data-Independent Acquisition;AC=NCIT:C161786	NT=HCD;AC=PRIDE:0000590	20 ppm	0.5 Da	embryoid body
PXD049181-Sample-86	Homo sapiens	not applicable	embryoid body	not available	not available	not available	not available	not available	1	embryoid body	86	run 86	proteomic profiling by mass spectrometry	AC=MS:1002038;NT=label free sample	20231207_AST5_Evo5_ML_SA_40SPD_DIA_SCP_EB_1Cellc_86.raw	https://ftp.pride.ebi.ac.uk/pride/data/archive/2024/08/PXD049181/20231207_AST5_Evo5_ML_SA_40SPD_DIA_SCP_EB_1Cellc_86.raw	1	1	NT=Trypsin;AC=MS:1001251	NT=Orbitrap Astral;AC=MS:1003378	NT=Oxidation;MT=Variable;TA=M;AC=UNIMOD:35	NT=Acetyl;MT=Variable;TA=N-term;AC=UNIMOD:1	NT=Data-Independent Acquisition;AC=NCIT:C161786	NT=HCD;AC=PRIDE:0000590	20 ppm	0.5 Da	embryoid body
PXD049181-Sample-87	Homo sapiens	not applicable	embryoid body	not available	not available	not available	not available	not available	1	embryoid body	87	run 87	proteomic profiling by mass spectrometry	AC=MS:1002038;NT=label free sample	20231207_AST5_Evo5_ML_SA_40SPD_DIA_SCP_EB_1Cellc_87.raw	https://ftp.pride.ebi.ac.uk/pride/data/archive/2024/08/PXD049181/20231207_AST5_Evo5_ML_SA_40SPD_DIA_SCP_EB_1Cellc_87.raw	1	1	NT=Trypsin;AC=MS:1001251	NT=Orbitrap Astral;AC=MS:1003378	NT=Oxidation;MT=Variable;TA=M;AC=UNIMOD:35	NT=Acetyl;MT=Variable;TA=N-term;AC=UNIMOD:1	NT=Data-Independent Acquisition;AC=NCIT:C161786	NT=HCD;AC=PRIDE:0000590	20 ppm	0.5 Da	embryoid body
PXD049181-Sample-88	Homo sapiens	not applicable	embryoid body	not available	not available	not available	not available	not available	1	embryoid body	88	run 88	proteomic profiling by mass spectrometry	AC=MS:1002038;NT=label free sample	20231207_AST5_Evo5_ML_SA_40SPD_DIA_SCP_EB_1Cellc_88.raw	https://ftp.pride.ebi.ac.uk/pride/data/archive/2024/08/PXD049181/20231207_AST5_Evo5_ML_SA_40SPD_DIA_SCP_EB_1Cellc_88.raw	1	1	NT=Trypsin;AC=MS:1001251	NT=Orbitrap Astral;AC=MS:1003378	NT=Oxidation;MT=Variable;TA=M;AC=UNIMOD:35	NT=Acetyl;MT=Variable;TA=N-term;AC=UNIMOD:1	NT=Data-Independent Acquisition;AC=NCIT:C161786	NT=HCD;AC=PRIDE:0000590	20 ppm	0.5 Da	embryoid body
PXD049181-Sample-89	Homo sapiens	not applicable	embryoid body	not available	not available	not available	not available	not available	1	embryoid body	89	run 89	proteomic profiling by mass spectrometry	AC=MS:1002038;NT=label free sample	20231207_AST5_Evo5_ML_SA_40SPD_DIA_SCP_EB_1Cellc_89.raw	https://ftp.pride.ebi.ac.uk/pride/data/archive/2024/08/PXD049181/20231207_AST5_Evo5_ML_SA_40SPD_DIA_SCP_EB_1Cellc_89.raw	1	1	NT=Trypsin;AC=MS:1001251	NT=Orbitrap Astral;AC=MS:1003378	NT=Oxidation;MT=Variable;TA=M;AC=UNIMOD:35	NT=Acetyl;MT=Variable;TA=N-term;AC=UNIMOD:1	NT=Data-Independent Acquisition;AC=NCIT:C161786	NT=HCD;AC=PRIDE:0000590	20 ppm	0.5 Da	embryoid body
PXD049181-Sample-90	Homo sapiens	not applicable	embryoid body	not available	not available	not available	not available	not available	1	embryoid body	90	run 90	proteomic profiling by mass spectrometry	AC=MS:1002038;NT=label free sample	20231207_AST5_Evo5_ML_SA_40SPD_DIA_SCP_EB_1Cellc_90.raw	https://ftp.pride.ebi.ac.uk/pride/data/archive/2024/08/PXD049181/20231207_AST5_Evo5_ML_SA_40SPD_DIA_SCP_EB_1Cellc_90.raw	1	1	NT=Trypsin;AC=MS:1001251	NT=Orbitrap Astral;AC=MS:1003378	NT=Oxidation;MT=Variable;TA=M;AC=UNIMOD:35	NT=Acetyl;MT=Variable;TA=N-term;AC=UNIMOD:1	NT=Data-Independent Acquisition;AC=NCIT:C161786	NT=HCD;AC=PRIDE:0000590	20 ppm	0.5 Da	embryoid body
PXD049181-Sample-91	Homo sapiens	not applicable	embryoid body	not available	not available	not available	not available	not available	1	embryoid body	91	run 91	proteomic profiling by mass spectrometry	AC=MS:1002038;NT=label free sample	20231207_AST5_Evo5_ML_SA_40SPD_DIA_SCP_EB_1Cellc_91.raw	https://ftp.pride.ebi.ac.uk/pride/data/archive/2024/08/PXD049181/20231207_AST5_Evo5_ML_SA_40SPD_DIA_SCP_EB_1Cellc_91.raw	1	1	NT=Trypsin;AC=MS:1001251	NT=Orbitrap Astral;AC=MS:1003378	NT=Oxidation;MT=Variable;TA=M;AC=UNIMOD:35	NT=Acetyl;MT=Variable;TA=N-term;AC=UNIMOD:1	NT=Data-Independent Acquisition;AC=NCIT:C161786	NT=HCD;AC=PRIDE:0000590	20 ppm	0.5 Da	embryoid body
PXD049181-Sample-92	Homo sapiens	not applicable	embryoid body	not available	not available	not available	not available	not available	1	embryoid body	92	run 92	proteomic profiling by mass spectrometry	AC=MS:1002038;NT=label free sample	20231207_AST5_Evo5_ML_SA_40SPD_DIA_SCP_EB_1Cellc_92.raw	https://ftp.pride.ebi.ac.uk/pride/data/archive/2024/08/PXD049181/20231207_AST5_Evo5_ML_SA_40SPD_DIA_SCP_EB_1Cellc_92.raw	1	1	NT=Trypsin;AC=MS:1001251	NT=Orbitrap Astral;AC=MS:1003378	NT=Oxidation;MT=Variable;TA=M;AC=UNIMOD:35	NT=Acetyl;MT=Variable;TA=N-term;AC=UNIMOD:1	NT=Data-Independent Acquisition;AC=NCIT:C161786	NT=HCD;AC=PRIDE:0000590	20 ppm	0.5 Da	embryoid body
PXD049181-Sample-93	Homo sapiens	not applicable	embryoid body	not available	not available	not available	not available	not available	1	embryoid body	93	run 93	proteomic profiling by mass spectrometry	AC=MS:1002038;NT=label free sample	20231207_AST5_Evo5_ML_SA_40SPD_DIA_SCP_EB_1Cellc_93.raw	https://ftp.pride.ebi.ac.uk/pride/data/archive/2024/08/PXD049181/20231207_AST5_Evo5_ML_SA_40SPD_DIA_SCP_EB_1Cellc_93.raw	1	1	NT=Trypsin;AC=MS:1001251	NT=Orbitrap Astral;AC=MS:1003378	NT=Oxidation;MT=Variable;TA=M;AC=UNIMOD:35	NT=Acetyl;MT=Variable;TA=N-term;AC=UNIMOD:1	NT=Data-Independent Acquisition;AC=NCIT:C161786	NT=HCD;AC=PRIDE:0000590	20 ppm	0.5 Da	embryoid body
PXD049181-Sample-94	Homo sapiens	not applicable	embryoid body	not available	not available	not available	not available	not available	1	embryoid body	94	run 94	proteomic profiling by mass spectrometry	AC=MS:1002038;NT=label free sample	20231207_AST5_Evo5_ML_SA_40SPD_DIA_SCP_EB_1Cellc_94.raw	https://ftp.pride.ebi.ac.uk/pride/data/archive/2024/08/PXD049181/20231207_AST5_Evo5_ML_SA_40SPD_DIA_SCP_EB_1Cellc_94.raw	1	1	NT=Trypsin;AC=MS:1001251	NT=Orbitrap Astral;AC=MS:1003378	NT=Oxidation;MT=Variable;TA=M;AC=UNIMOD:35	NT=Acetyl;MT=Variable;TA=N-term;AC=UNIMOD:1	NT=Data-Independent Acquisition;AC=NCIT:C161786	NT=HCD;AC=PRIDE:0000590	20 ppm	0.5 Da	embryoid body
PXD049181-Sample-95	Homo sapiens	not applicable	embryoid body	not available	not available	not available	not available	not available	1	embryoid body	95	run 95	proteomic profiling by mass spectrometry	AC=MS:1002038;NT=label free sample	20231207_AST5_Evo5_ML_SA_40SPD_DIA_SCP_EB_1Cellc_95.raw	https://ftp.pride.ebi.ac.uk/pride/data/archive/2024/08/PXD049181/20231207_AST5_Evo5_ML_SA_40SPD_DIA_SCP_EB_1Cellc_95.raw	1	1	NT=Trypsin;AC=MS:1001251	NT=Orbitrap Astral;AC=MS:1003378	NT=Oxidation;MT=Variable;TA=M;AC=UNIMOD:35	NT=Acetyl;MT=Variable;TA=N-term;AC=UNIMOD:1	NT=Data-Independent Acquisition;AC=NCIT:C161786	NT=HCD;AC=PRIDE:0000590	20 ppm	0.5 Da	embryoid body
PXD049181-Sample-96	Homo sapiens	not applicable	embryoid body	not available	not available	not available	not available	not available	20	embryoid body	1	run 96	proteomic profiling by mass spectrometry	AC=MS:1002038;NT=label free sample	20231207_AST5_Evo5_ML_SA_40SPD_DIA_SCP_EB_20Cellc_1.raw	https://ftp.pride.ebi.ac.uk/pride/data/archive/2024/08/PXD049181/20231207_AST5_Evo5_ML_SA_40SPD_DIA_SCP_EB_20Cellc_1.raw	1	1	NT=Trypsin;AC=MS:1001251	NT=Orbitrap Astral;AC=MS:1003378	NT=Oxidation;MT=Variable;TA=M;AC=UNIMOD:35	NT=Acetyl;MT=Variable;TA=N-term;AC=UNIMOD:1	NT=Data-Independent Acquisition;AC=NCIT:C161786	NT=HCD;AC=PRIDE:0000590	20 ppm	0.5 Da	embryoid body
PXD049181-Sample-97	Homo sapiens	not applicable	embryoid body	not available	not available	not available	not available	not available	20	embryoid body	2	run 97	proteomic profiling by mass spectrometry	AC=MS:1002038;NT=label free sample	20231207_AST5_Evo5_ML_SA_40SPD_DIA_SCP_EB_20Cellc_2.raw	https://ftp.pride.ebi.ac.uk/pride/data/archive/2024/08/PXD049181/20231207_AST5_Evo5_ML_SA_40SPD_DIA_SCP_EB_20Cellc_2.raw	1	1	NT=Trypsin;AC=MS:1001251	NT=Orbitrap Astral;AC=MS:1003378	NT=Oxidation;MT=Variable;TA=M;AC=UNIMOD:35	NT=Acetyl;MT=Variable;TA=N-term;AC=UNIMOD:1	NT=Data-Independent Acquisition;AC=NCIT:C161786	NT=HCD;AC=PRIDE:0000590	20 ppm	0.5 Da	embryoid body
PXD049181-Sample-98	Homo sapiens	not applicable	embryoid body	not available	not available	not available	not available	not available	20	embryoid body	3	run 98	proteomic profiling by mass spectrometry	AC=MS:1002038;NT=label free sample	20231207_AST5_Evo5_ML_SA_40SPD_DIA_SCP_EB_20Cellc_3.raw	https://ftp.pride.ebi.ac.uk/pride/data/archive/2024/08/PXD049181/20231207_AST5_Evo5_ML_SA_40SPD_DIA_SCP_EB_20Cellc_3.raw	1	1	NT=Trypsin;AC=MS:1001251	NT=Orbitrap Astral;AC=MS:1003378	NT=Oxidation;MT=Variable;TA=M;AC=UNIMOD:35	NT=Acetyl;MT=Variable;TA=N-term;AC=UNIMOD:1	NT=Data-Independent Acquisition;AC=NCIT:C161786	NT=HCD;AC=PRIDE:0000590	20 ppm	0.5 Da	embryoid body
PXD049181-Sample-99	Homo sapiens	not applicable	embryoid body	not available	not available	not available	not available	not available	20	embryoid body	4	run 99	proteomic profiling by mass spectrometry	AC=MS:1002038;NT=label free sample	20231207_AST5_Evo5_ML_SA_40SPD_DIA_SCP_EB_20Cellc_4.raw	https://ftp.pride.ebi.ac.uk/pride/data/archive/2024/08/PXD049181/20231207_AST5_Evo5_ML_SA_40SPD_DIA_SCP_EB_20Cellc_4.raw	1	1	NT=Trypsin;AC=MS:1001251	NT=Orbitrap Astral;AC=MS:1003378	NT=Oxidation;MT=Variable;TA=M;AC=UNIMOD:35	NT=Acetyl;MT=Variable;TA=N-term;AC=UNIMOD:1	NT=Data-Independent Acquisition;AC=NCIT:C161786	NT=HCD;AC=PRIDE:0000590	20 ppm	0.5 Da	embryoid body
PXD049181-Sample-100	Homo sapiens	not applicable	human-induced pluripotent stem cells	not available	not available	not available	not available	not available	1	human-induced pluripotent stem cells	1	run 100	proteomic profiling by mass spectrometry	AC=MS:1002038;NT=label free sample	20231207_AST5_Evo5_ML_SA_40SPD_DIA_SCP_iPSCs_1Cellc_1.raw	https://ftp.pride.ebi.ac.uk/pride/data/archive/2024/08/PXD049181/20231207_AST5_Evo5_ML_SA_40SPD_DIA_SCP_iPSCs_1Cellc_1.raw	1	1	NT=Trypsin;AC=MS:1001251	NT=Orbitrap Astral;AC=MS:1003378	NT=Oxidation;MT=Variable;TA=M;AC=UNIMOD:35	NT=Acetyl;MT=Variable;TA=N-term;AC=UNIMOD:1	NT=Data-Independent Acquisition;AC=NCIT:C161786	NT=HCD;AC=PRIDE:0000590	20 ppm	0.5 Da	human-induced pluripotent stem cells
PXD049181-Sample-101	Homo sapiens	not applicable	human-induced pluripotent stem cells	not available	not available	not available	not available	not available	1	human-induced pluripotent stem cells	2	run 101	proteomic profiling by mass spectrometry	AC=MS:1002038;NT=label free sample	20231207_AST5_Evo5_ML_SA_40SPD_DIA_SCP_iPSCs_1Cellc_2.raw	https://ftp.pride.ebi.ac.uk/pride/data/archive/2024/08/PXD049181/20231207_AST5_Evo5_ML_SA_40SPD_DIA_SCP_iPSCs_1Cellc_2.raw	1	1	NT=Trypsin;AC=MS:1001251	NT=Orbitrap Astral;AC=MS:1003378	NT=Oxidation;MT=Variable;TA=M;AC=UNIMOD:35	NT=Acetyl;MT=Variable;TA=N-term;AC=UNIMOD:1	NT=Data-Independent Acquisition;AC=NCIT:C161786	NT=HCD;AC=PRIDE:0000590	20 ppm	0.5 Da	human-induced pluripotent stem cells
PXD049181-Sample-102	Homo sapiens	not applicable	human-induced pluripotent stem cells	not available	not available	not available	not available	not available	1	human-induced pluripotent stem cells	3	run 102	proteomic profiling by mass spectrometry	AC=MS:1002038;NT=label free sample	20231207_AST5_Evo5_ML_SA_40SPD_DIA_SCP_iPSCs_1Cellc_3.raw	https://ftp.pride.ebi.ac.uk/pride/data/archive/2024/08/PXD049181/20231207_AST5_Evo5_ML_SA_40SPD_DIA_SCP_iPSCs_1Cellc_3.raw	1	1	NT=Trypsin;AC=MS:1001251	NT=Orbitrap Astral;AC=MS:1003378	NT=Oxidation;MT=Variable;TA=M;AC=UNIMOD:35	NT=Acetyl;MT=Variable;TA=N-term;AC=UNIMOD:1	NT=Data-Independent Acquisition;AC=NCIT:C161786	NT=HCD;AC=PRIDE:0000590	20 ppm	0.5 Da	human-induced pluripotent stem cells
PXD049181-Sample-103	Homo sapiens	not applicable	human-induced pluripotent stem cells	not available	not available	not available	not available	not available	1	human-induced pluripotent stem cells	4	run 103	proteomic profiling by mass spectrometry	AC=MS:1002038;NT=label free sample	20231207_AST5_Evo5_ML_SA_40SPD_DIA_SCP_iPSCs_1Cellc_4.raw	https://ftp.pride.ebi.ac.uk/pride/data/archive/2024/08/PXD049181/20231207_AST5_Evo5_ML_SA_40SPD_DIA_SCP_iPSCs_1Cellc_4.raw	1	1	NT=Trypsin;AC=MS:1001251	NT=Orbitrap Astral;AC=MS:1003378	NT=Oxidation;MT=Variable;TA=M;AC=UNIMOD:35	NT=Acetyl;MT=Variable;TA=N-term;AC=UNIMOD:1	NT=Data-Independent Acquisition;AC=NCIT:C161786	NT=HCD;AC=PRIDE:0000590	20 ppm	0.5 Da	human-induced pluripotent stem cells
PXD049181-Sample-104	Homo sapiens	not applicable	human-induced pluripotent stem cells	not available	not available	not available	not available	not available	1	human-induced pluripotent stem cells	5	run 104	proteomic profiling by mass spectrometry	AC=MS:1002038;NT=label free sample	20231207_AST5_Evo5_ML_SA_40SPD_DIA_SCP_iPSCs_1Cellc_5.raw	https://ftp.pride.ebi.ac.uk/pride/data/archive/2024/08/PXD049181/20231207_AST5_Evo5_ML_SA_40SPD_DIA_SCP_iPSCs_1Cellc_5.raw	1	1	NT=Trypsin;AC=MS:1001251	NT=Orbitrap Astral;AC=MS:1003378	NT=Oxidation;MT=Variable;TA=M;AC=UNIMOD:35	NT=Acetyl;MT=Variable;TA=N-term;AC=UNIMOD:1	NT=Data-Independent Acquisition;AC=NCIT:C161786	NT=HCD;AC=PRIDE:0000590	20 ppm	0.5 Da	human-induced pluripotent stem cells
PXD049181-Sample-105	Homo sapiens	not applicable	human-induced pluripotent stem cells	not available	not available	not available	not available	not available	1	human-induced pluripotent stem cells	6	run 105	proteomic profiling by mass spectrometry	AC=MS:1002038;NT=label free sample	20231207_AST5_Evo5_ML_SA_40SPD_DIA_SCP_iPSCs_1Cellc_6.raw	https://ftp.pride.ebi.ac.uk/pride/data/archive/2024/08/PXD049181/20231207_AST5_Evo5_ML_SA_40SPD_DIA_SCP_iPSCs_1Cellc_6.raw	1	1	NT=Trypsin;AC=MS:1001251	NT=Orbitrap Astral;AC=MS:1003378	NT=Oxidation;MT=Variable;TA=M;AC=UNIMOD:35	NT=Acetyl;MT=Variable;TA=N-term;AC=UNIMOD:1	NT=Data-Independent Acquisition;AC=NCIT:C161786	NT=HCD;AC=PRIDE:0000590	20 ppm	0.5 Da	human-induced pluripotent stem cells
PXD049181-Sample-106	Homo sapiens	not applicable	human-induced pluripotent stem cells	not available	not available	not available	not available	not available	1	human-induced pluripotent stem cells	7	run 106	proteomic profiling by mass spectrometry	AC=MS:1002038;NT=label free sample	20231207_AST5_Evo5_ML_SA_40SPD_DIA_SCP_iPSCs_1Cellc_7.raw	https://ftp.pride.ebi.ac.uk/pride/data/archive/2024/08/PXD049181/20231207_AST5_Evo5_ML_SA_40SPD_DIA_SCP_iPSCs_1Cellc_7.raw	1	1	NT=Trypsin;AC=MS:1001251	NT=Orbitrap Astral;AC=MS:1003378	NT=Oxidation;MT=Variable;TA=M;AC=UNIMOD:35	NT=Acetyl;MT=Variable;TA=N-term;AC=UNIMOD:1	NT=Data-Independent Acquisition;AC=NCIT:C161786	NT=HCD;AC=PRIDE:0000590	20 ppm	0.5 Da	human-induced pluripotent stem cells
PXD049181-Sample-107	Homo sapiens	not applicable	human-induced pluripotent stem cells	not available	not available	not available	not available	not available	1	human-induced pluripotent stem cells	8	run 107	proteomic profiling by mass spectrometry	AC=MS:1002038;NT=label free sample	20231207_AST5_Evo5_ML_SA_40SPD_DIA_SCP_iPSCs_1Cellc_8.raw	https://ftp.pride.ebi.ac.uk/pride/data/archive/2024/08/PXD049181/20231207_AST5_Evo5_ML_SA_40SPD_DIA_SCP_iPSCs_1Cellc_8.raw	1	1	NT=Trypsin;AC=MS:1001251	NT=Orbitrap Astral;AC=MS:1003378	NT=Oxidation;MT=Variable;TA=M;AC=UNIMOD:35	NT=Acetyl;MT=Variable;TA=N-term;AC=UNIMOD:1	NT=Data-Independent Acquisition;AC=NCIT:C161786	NT=HCD;AC=PRIDE:0000590	20 ppm	0.5 Da	human-induced pluripotent stem cells
PXD049181-Sample-108	Homo sapiens	not applicable	human-induced pluripotent stem cells	not available	not available	not available	not available	not available	1	human-induced pluripotent stem cells	9	run 108	proteomic profiling by mass spectrometry	AC=MS:1002038;NT=label free sample	20231207_AST5_Evo5_ML_SA_40SPD_DIA_SCP_iPSCs_1Cellc_9.raw	https://ftp.pride.ebi.ac.uk/pride/data/archive/2024/08/PXD049181/20231207_AST5_Evo5_ML_SA_40SPD_DIA_SCP_iPSCs_1Cellc_9.raw	1	1	NT=Trypsin;AC=MS:1001251	NT=Orbitrap Astral;AC=MS:1003378	NT=Oxidation;MT=Variable;TA=M;AC=UNIMOD:35	NT=Acetyl;MT=Variable;TA=N-term;AC=UNIMOD:1	NT=Data-Independent Acquisition;AC=NCIT:C161786	NT=HCD;AC=PRIDE:0000590	20 ppm	0.5 Da	human-induced pluripotent stem cells
PXD049181-Sample-109	Homo sapiens	not applicable	human-induced pluripotent stem cells	not available	not available	not available	not available	not available	1	human-induced pluripotent stem cells	10	run 109	proteomic profiling by mass spectrometry	AC=MS:1002038;NT=label free sample	20231207_AST5_Evo5_ML_SA_40SPD_DIA_SCP_iPSCs_1Cellc_10.raw	https://ftp.pride.ebi.ac.uk/pride/data/archive/2024/08/PXD049181/20231207_AST5_Evo5_ML_SA_40SPD_DIA_SCP_iPSCs_1Cellc_10.raw	1	1	NT=Trypsin;AC=MS:1001251	NT=Orbitrap Astral;AC=MS:1003378	NT=Oxidation;MT=Variable;TA=M;AC=UNIMOD:35	NT=Acetyl;MT=Variable;TA=N-term;AC=UNIMOD:1	NT=Data-Independent Acquisition;AC=NCIT:C161786	NT=HCD;AC=PRIDE:0000590	20 ppm	0.5 Da	human-induced pluripotent stem cells
PXD049181-Sample-110	Homo sapiens	not applicable	human-induced pluripotent stem cells	not available	not available	not available	not available	not available	1	human-induced pluripotent stem cells	11	run 110	proteomic profiling by mass spectrometry	AC=MS:1002038;NT=label free sample	20231207_AST5_Evo5_ML_SA_40SPD_DIA_SCP_iPSCs_1Cellc_11.raw	https://ftp.pride.ebi.ac.uk/pride/data/archive/2024/08/PXD049181/20231207_AST5_Evo5_ML_SA_40SPD_DIA_SCP_iPSCs_1Cellc_11.raw	1	1	NT=Trypsin;AC=MS:1001251	NT=Orbitrap Astral;AC=MS:1003378	NT=Oxidation;MT=Variable;TA=M;AC=UNIMOD:35	NT=Acetyl;MT=Variable;TA=N-term;AC=UNIMOD:1	NT=Data-Independent Acquisition;AC=NCIT:C161786	NT=HCD;AC=PRIDE:0000590	20 ppm	0.5 Da	human-induced pluripotent stem cells
PXD049181-Sample-111	Homo sapiens	not applicable	human-induced pluripotent stem cells	not available	not available	not available	not available	not available	1	human-induced pluripotent stem cells	12	run 111	proteomic profiling by mass spectrometry	AC=MS:1002038;NT=label free sample	20231207_AST5_Evo5_ML_SA_40SPD_DIA_SCP_iPSCs_1Cellc_12.raw	https://ftp.pride.ebi.ac.uk/pride/data/archive/2024/08/PXD049181/20231207_AST5_Evo5_ML_SA_40SPD_DIA_SCP_iPSCs_1Cellc_12.raw	1	1	NT=Trypsin;AC=MS:1001251	NT=Orbitrap Astral;AC=MS:1003378	NT=Oxidation;MT=Variable;TA=M;AC=UNIMOD:35	NT=Acetyl;MT=Variable;TA=N-term;AC=UNIMOD:1	NT=Data-Independent Acquisition;AC=NCIT:C161786	NT=HCD;AC=PRIDE:0000590	20 ppm	0.5 Da	human-induced pluripotent stem cells
PXD049181-Sample-112	Homo sapiens	not applicable	human-induced pluripotent stem cells	not available	not available	not available	not available	not available	20	human-induced pluripotent stem cells	1	run 112	proteomic profiling by mass spectrometry	AC=MS:1002038;NT=label free sample	20231207_AST5_Evo5_ML_SA_40SPD_DIA_SCP_iPSCs_20Cellc_1.raw	https://ftp.pride.ebi.ac.uk/pride/data/archive/2024/08/PXD049181/20231207_AST5_Evo5_ML_SA_40SPD_DIA_SCP_iPSCs_20Cellc_1.raw	1	1	NT=Trypsin;AC=MS:1001251	NT=Orbitrap Astral;AC=MS:1003378	NT=Oxidation;MT=Variable;TA=M;AC=UNIMOD:35	NT=Acetyl;MT=Variable;TA=N-term;AC=UNIMOD:1	NT=Data-Independent Acquisition;AC=NCIT:C161786	NT=HCD;AC=PRIDE:0000590	20 ppm	0.5 Da	human-induced pluripotent stem cells
PXD049181-Sample-113	Homo sapiens	not applicable	human-induced pluripotent stem cells	not available	not available	not available	not available	not available	20	human-induced pluripotent stem cells	2	run 113	proteomic profiling by mass spectrometry	AC=MS:1002038;NT=label free sample	20231207_AST5_Evo5_ML_SA_40SPD_DIA_SCP_iPSCs_20Cellc_2.raw	https://ftp.pride.ebi.ac.uk/pride/data/archive/2024/08/PXD049181/20231207_AST5_Evo5_ML_SA_40SPD_DIA_SCP_iPSCs_20Cellc_2.raw	1	1	NT=Trypsin;AC=MS:1001251	NT=Orbitrap Astral;AC=MS:1003378	NT=Oxidation;MT=Variable;TA=M;AC=UNIMOD:35	NT=Acetyl;MT=Variable;TA=N-term;AC=UNIMOD:1	NT=Data-Independent Acquisition;AC=NCIT:C161786	NT=HCD;AC=PRIDE:0000590	20 ppm	0.5 Da	human-induced pluripotent stem cells
PXD049181-Sample-114	Homo sapiens	not applicable	human-induced pluripotent stem cells	not available	not available	not available	not available	not available	20	human-induced pluripotent stem cells	3	run 114	proteomic profiling by mass spectrometry	AC=MS:1002038;NT=label free sample	20231207_AST5_Evo5_ML_SA_40SPD_DIA_SCP_iPSCs_20Cellc_3.raw	https://ftp.pride.ebi.ac.uk/pride/data/archive/2024/08/PXD049181/20231207_AST5_Evo5_ML_SA_40SPD_DIA_SCP_iPSCs_20Cellc_3.raw	1	1	NT=Trypsin;AC=MS:1001251	NT=Orbitrap Astral;AC=MS:1003378	NT=Oxidation;MT=Variable;TA=M;AC=UNIMOD:35	NT=Acetyl;MT=Variable;TA=N-term;AC=UNIMOD:1	NT=Data-Independent Acquisition;AC=NCIT:C161786	NT=HCD;AC=PRIDE:0000590	20 ppm	0.5 Da	human-induced pluripotent stem cells
