source name	characteristics[organism]	characteristics[cell line]	characteristics[age]	characteristics[developmental stage]	characteristics[cell type]	characteristics[sex]	characteristics[disease]	characteristics[biological replicate]	characteristics[individual]	characteristics[enrichment process]	Material Type	assay name	technology type	comment[proteomics data acquisition method]	comment[data file]	comment[file uri]	comment[technical replicate]	comment[fraction identifier]	comment[label]	comment[instrument]	comment[dissociation method]	comment[collision energy]	comment[precursor mass tolerance]	comment[fragment mass tolerance]	comment[modification parameters]	comment[modification parameters]	comment[modification parameters]	comment[cleavage agent details]	factor value[cell line]
PXD004701-Sample-1	Homo sapiens	184a1	not available	not available	cell line	not available	breast cancer	1	not available	not available	cell line	run1	proteomic profiling by mass spectrometry	NT=Data-Independent Acquisition;AC=NCIT:C161786	GUOT_K160125_SW_BR1.wiff	https://ftp.pride.ebi.ac.uk/pride/data/archive/2021/01/PXD004701/GUOT_K160125_SW_BR1	1	1	label free	TripleTOF 5600;AC=MS:1000932	NT=HCD;AC=PRIDE:0000590	not available	20 ppm	20 ppm	NT=Carbamidomethyl;MT=Fixed;TA=C;AC=UNIMOD:4	NT=Oxidation;MT=Variable;TA=M;AC=UNIMOD:35	NT=Excision;MT=Variable;TA=M;PP=Protein N-term;AC=UNIMOD:1	NT=Trypsin/P;AC=MS:1001313	184a1
PXD004701-Sample-2	Homo sapiens	184a1	not available	not available	cell line	not available	breast cancer	2	not available	not available	cell line	run2	proteomic profiling by mass spectrometry	NT=Data-Independent Acquisition;AC=NCIT:C161786	GUOT_K160125_SW_BR2.wiff	https://ftp.pride.ebi.ac.uk/pride/data/archive/2021/01/PXD004701/GUOT_K160125_SW_BR2	1	1	label free	TripleTOF 5600;AC=MS:1000932	NT=HCD;AC=PRIDE:0000590	not available	20 ppm	20 ppm	NT=Carbamidomethyl;MT=Fixed;TA=C;AC=UNIMOD:4	NT=Oxidation;MT=Variable;TA=M;AC=UNIMOD:35	NT=Excision;MT=Variable;TA=M;PP=Protein N-term;AC=UNIMOD:1	NT=Trypsin/P;AC=MS:1001313	184a1
PXD004701-Sample-3	Homo sapiens	184b5	not available	not available	cell line	not available	breast cancer	1	not available	not available	cell line	run3	proteomic profiling by mass spectrometry	NT=Data-Independent Acquisition;AC=NCIT:C161786	GUOT_K160125_SW_BR5.wiff	https://ftp.pride.ebi.ac.uk/pride/data/archive/2021/01/PXD004701/GUOT_K160125_SW_BR5	1	1	label free	TripleTOF 5600;AC=MS:1000932	NT=HCD;AC=PRIDE:0000590	not available	20 ppm	20 ppm	NT=Carbamidomethyl;MT=Fixed;TA=C;AC=UNIMOD:4	NT=Oxidation;MT=Variable;TA=M;AC=UNIMOD:35	NT=Excision;MT=Variable;TA=M;PP=Protein N-term;AC=UNIMOD:1	NT=Trypsin/P;AC=MS:1001313	184b5
PXD004701-Sample-4	Homo sapiens	184b5	not available	not available	cell line	not available	breast cancer	2	not available	not available	cell line	run4	proteomic profiling by mass spectrometry	NT=Data-Independent Acquisition;AC=NCIT:C161786	GUOT_K160125_SW_BR6.wiff	https://ftp.pride.ebi.ac.uk/pride/data/archive/2021/01/PXD004701/GUOT_K160125_SW_BR6	1	1	label free	TripleTOF 5600;AC=MS:1000932	NT=HCD;AC=PRIDE:0000590	not available	20 ppm	20 ppm	NT=Carbamidomethyl;MT=Fixed;TA=C;AC=UNIMOD:4	NT=Oxidation;MT=Variable;TA=M;AC=UNIMOD:35	NT=Excision;MT=Variable;TA=M;PP=Protein N-term;AC=UNIMOD:1	NT=Trypsin/P;AC=MS:1001313	184b5
PXD004701-Sample-5	Homo sapiens	600mpe	not available	not available	cell line	not available	breast cancer	1	not available	not available	cell line	run5	proteomic profiling by mass spectrometry	NT=Data-Independent Acquisition;AC=NCIT:C161786	GUOT_K160125_SW_BR9.wiff	https://ftp.pride.ebi.ac.uk/pride/data/archive/2021/01/PXD004701/GUOT_K160125_SW_BR9	1	1	label free	TripleTOF 5600;AC=MS:1000932	NT=HCD;AC=PRIDE:0000590	not available	20 ppm	20 ppm	NT=Carbamidomethyl;MT=Fixed;TA=C;AC=UNIMOD:4	NT=Oxidation;MT=Variable;TA=M;AC=UNIMOD:35	NT=Excision;MT=Variable;TA=M;PP=Protein N-term;AC=UNIMOD:1	NT=Trypsin/P;AC=MS:1001313	600mpe
PXD004701-Sample-6	Homo sapiens	600mpe	not available	not available	cell line	not available	breast cancer	2	not available	not available	cell line	run6	proteomic profiling by mass spectrometry	NT=Data-Independent Acquisition;AC=NCIT:C161786	GUOT_K160125_SW_BR10.wiff	https://ftp.pride.ebi.ac.uk/pride/data/archive/2021/01/PXD004701/GUOT_K160125_SW_BR10	1	1	label free	TripleTOF 5600;AC=MS:1000932	NT=HCD;AC=PRIDE:0000590	not available	20 ppm	20 ppm	NT=Carbamidomethyl;MT=Fixed;TA=C;AC=UNIMOD:4	NT=Oxidation;MT=Variable;TA=M;AC=UNIMOD:35	NT=Excision;MT=Variable;TA=M;PP=Protein N-term;AC=UNIMOD:1	NT=Trypsin/P;AC=MS:1001313	600mpe
PXD004701-Sample-7	Homo sapiens	au565	not available	not available	cell line	not available	breast cancer	1	not available	not available	cell line	run7	proteomic profiling by mass spectrometry	NT=Data-Independent Acquisition;AC=NCIT:C161786	GUOT_K160125_SW_BR13.wiff	https://ftp.pride.ebi.ac.uk/pride/data/archive/2021/01/PXD004701/GUOT_K160125_SW_BR13	1	1	label free	TripleTOF 5600;AC=MS:1000932	NT=HCD;AC=PRIDE:0000590	not available	20 ppm	20 ppm	NT=Carbamidomethyl;MT=Fixed;TA=C;AC=UNIMOD:4	NT=Oxidation;MT=Variable;TA=M;AC=UNIMOD:35	NT=Excision;MT=Variable;TA=M;PP=Protein N-term;AC=UNIMOD:1	NT=Trypsin/P;AC=MS:1001313	au565
PXD004701-Sample-8	Homo sapiens	au565	not available	not available	cell line	not available	breast cancer	2	not available	not available	cell line	run8	proteomic profiling by mass spectrometry	NT=Data-Independent Acquisition;AC=NCIT:C161786	GUOT_K160125_SW_BR14.wiff	https://ftp.pride.ebi.ac.uk/pride/data/archive/2021/01/PXD004701/GUOT_K160125_SW_BR14	1	1	label free	TripleTOF 5600;AC=MS:1000932	NT=HCD;AC=PRIDE:0000590	not available	20 ppm	20 ppm	NT=Carbamidomethyl;MT=Fixed;TA=C;AC=UNIMOD:4	NT=Oxidation;MT=Variable;TA=M;AC=UNIMOD:35	NT=Excision;MT=Variable;TA=M;PP=Protein N-term;AC=UNIMOD:1	NT=Trypsin/P;AC=MS:1001313	au565
PXD004701-Sample-9	Homo sapiens	bt20	not available	not available	cell line	not available	breast cancer	1	not available	not available	cell line	run9	proteomic profiling by mass spectrometry	NT=Data-Independent Acquisition;AC=NCIT:C161786	GUOT_K160125_SW_BR17.wiff	https://ftp.pride.ebi.ac.uk/pride/data/archive/2021/01/PXD004701/GUOT_K160125_SW_BR17	1	1	label free	TripleTOF 5600;AC=MS:1000932	NT=HCD;AC=PRIDE:0000590	not available	20 ppm	20 ppm	NT=Carbamidomethyl;MT=Fixed;TA=C;AC=UNIMOD:4	NT=Oxidation;MT=Variable;TA=M;AC=UNIMOD:35	NT=Excision;MT=Variable;TA=M;PP=Protein N-term;AC=UNIMOD:1	NT=Trypsin/P;AC=MS:1001313	bt20
PXD004701-Sample-10	Homo sapiens	bt20	not available	not available	cell line	not available	breast cancer	2	not available	not available	cell line	run10	proteomic profiling by mass spectrometry	NT=Data-Independent Acquisition;AC=NCIT:C161786	GUOT_K160125_SW_BR18.wiff	https://ftp.pride.ebi.ac.uk/pride/data/archive/2021/01/PXD004701/GUOT_K160125_SW_BR18	1	1	label free	TripleTOF 5600;AC=MS:1000932	NT=HCD;AC=PRIDE:0000590	not available	20 ppm	20 ppm	NT=Carbamidomethyl;MT=Fixed;TA=C;AC=UNIMOD:4	NT=Oxidation;MT=Variable;TA=M;AC=UNIMOD:35	NT=Excision;MT=Variable;TA=M;PP=Protein N-term;AC=UNIMOD:1	NT=Trypsin/P;AC=MS:1001313	bt20
PXD004701-Sample-11	Homo sapiens	bt474	not available	not available	cell line	not available	breast cancer	1	not available	not available	cell line	run11	proteomic profiling by mass spectrometry	NT=Data-Independent Acquisition;AC=NCIT:C161786	GUOT_K160125_SW_BR21B.wiff	https://ftp.pride.ebi.ac.uk/pride/data/archive/2021/01/PXD004701/GUOT_K160125_SW_BR21B	1	1	label free	TripleTOF 5600;AC=MS:1000932	NT=HCD;AC=PRIDE:0000590	not available	20 ppm	20 ppm	NT=Carbamidomethyl;MT=Fixed;TA=C;AC=UNIMOD:4	NT=Oxidation;MT=Variable;TA=M;AC=UNIMOD:35	NT=Excision;MT=Variable;TA=M;PP=Protein N-term;AC=UNIMOD:1	NT=Trypsin/P;AC=MS:1001313	bt474
PXD004701-Sample-12	Homo sapiens	bt474	not available	not available	cell line	not available	breast cancer	2	not available	not available	cell line	run12	proteomic profiling by mass spectrometry	NT=Data-Independent Acquisition;AC=NCIT:C161786	GUOT_K160125_SW_BR22B.wiff	https://ftp.pride.ebi.ac.uk/pride/data/archive/2021/01/PXD004701/GUOT_K160125_SW_BR22B	1	1	label free	TripleTOF 5600;AC=MS:1000932	NT=HCD;AC=PRIDE:0000590	not available	20 ppm	20 ppm	NT=Carbamidomethyl;MT=Fixed;TA=C;AC=UNIMOD:4	NT=Oxidation;MT=Variable;TA=M;AC=UNIMOD:35	NT=Excision;MT=Variable;TA=M;PP=Protein N-term;AC=UNIMOD:1	NT=Trypsin/P;AC=MS:1001313	bt474
PXD004701-Sample-13	Homo sapiens	bt483	not available	not available	cell line	not available	breast cancer	1	not available	not available	cell line	run13	proteomic profiling by mass spectrometry	NT=Data-Independent Acquisition;AC=NCIT:C161786	GUOT_K160125_SW_BR25.wiff	https://ftp.pride.ebi.ac.uk/pride/data/archive/2021/01/PXD004701/GUOT_K160125_SW_BR25	1	1	label free	TripleTOF 5600;AC=MS:1000932	NT=HCD;AC=PRIDE:0000590	not available	20 ppm	20 ppm	NT=Carbamidomethyl;MT=Fixed;TA=C;AC=UNIMOD:4	NT=Oxidation;MT=Variable;TA=M;AC=UNIMOD:35	NT=Excision;MT=Variable;TA=M;PP=Protein N-term;AC=UNIMOD:1	NT=Trypsin/P;AC=MS:1001313	bt483
PXD004701-Sample-14	Homo sapiens	bt483	not available	not available	cell line	not available	breast cancer	2	not available	not available	cell line	run14	proteomic profiling by mass spectrometry	NT=Data-Independent Acquisition;AC=NCIT:C161786	GUOT_K160125_SW_BR26.wiff	https://ftp.pride.ebi.ac.uk/pride/data/archive/2021/01/PXD004701/GUOT_K160125_SW_BR26	1	1	label free	TripleTOF 5600;AC=MS:1000932	NT=HCD;AC=PRIDE:0000590	not available	20 ppm	20 ppm	NT=Carbamidomethyl;MT=Fixed;TA=C;AC=UNIMOD:4	NT=Oxidation;MT=Variable;TA=M;AC=UNIMOD:35	NT=Excision;MT=Variable;TA=M;PP=Protein N-term;AC=UNIMOD:1	NT=Trypsin/P;AC=MS:1001313	bt483
PXD004701-Sample-15	Homo sapiens	cal148	not available	not available	cell line	not available	breast cancer	1	not available	not available	cell line	run15	proteomic profiling by mass spectrometry	NT=Data-Independent Acquisition;AC=NCIT:C161786	GUOT_K160125_SW_BR37.wiff	https://ftp.pride.ebi.ac.uk/pride/data/archive/2021/01/PXD004701/GUOT_K160125_SW_BR37	1	1	label free	TripleTOF 5600;AC=MS:1000932	NT=HCD;AC=PRIDE:0000590	not available	20 ppm	20 ppm	NT=Carbamidomethyl;MT=Fixed;TA=C;AC=UNIMOD:4	NT=Oxidation;MT=Variable;TA=M;AC=UNIMOD:35	NT=Excision;MT=Variable;TA=M;PP=Protein N-term;AC=UNIMOD:1	NT=Trypsin/P;AC=MS:1001313	cal148
PXD004701-Sample-16	Homo sapiens	cal148	not available	not available	cell line	not available	breast cancer	2	not available	not available	cell line	run16	proteomic profiling by mass spectrometry	NT=Data-Independent Acquisition;AC=NCIT:C161786	GUOT_K160125_SW_BR38.wiff	https://ftp.pride.ebi.ac.uk/pride/data/archive/2021/01/PXD004701/GUOT_K160125_SW_BR38	1	1	label free	TripleTOF 5600;AC=MS:1000932	NT=HCD;AC=PRIDE:0000590	not available	20 ppm	20 ppm	NT=Carbamidomethyl;MT=Fixed;TA=C;AC=UNIMOD:4	NT=Oxidation;MT=Variable;TA=M;AC=UNIMOD:35	NT=Excision;MT=Variable;TA=M;PP=Protein N-term;AC=UNIMOD:1	NT=Trypsin/P;AC=MS:1001313	cal148
PXD004701-Sample-17	Homo sapiens	cal51	not available	not available	cell line	not available	breast cancer	1	not available	not available	cell line	run17	proteomic profiling by mass spectrometry	NT=Data-Independent Acquisition;AC=NCIT:C161786	GUOT_K160125_SW_BR41.wiff	https://ftp.pride.ebi.ac.uk/pride/data/archive/2021/01/PXD004701/GUOT_K160125_SW_BR41	1	1	label free	TripleTOF 5600;AC=MS:1000932	NT=HCD;AC=PRIDE:0000590	not available	20 ppm	20 ppm	NT=Carbamidomethyl;MT=Fixed;TA=C;AC=UNIMOD:4	NT=Oxidation;MT=Variable;TA=M;AC=UNIMOD:35	NT=Excision;MT=Variable;TA=M;PP=Protein N-term;AC=UNIMOD:1	NT=Trypsin/P;AC=MS:1001313	cal51
PXD004701-Sample-18	Homo sapiens	cal51	not available	not available	cell line	not available	breast cancer	2	not available	not available	cell line	run18	proteomic profiling by mass spectrometry	NT=Data-Independent Acquisition;AC=NCIT:C161786	GUOT_K160125_SW_BR42.wiff	https://ftp.pride.ebi.ac.uk/pride/data/archive/2021/01/PXD004701/GUOT_K160125_SW_BR42	1	1	label free	TripleTOF 5600;AC=MS:1000932	NT=HCD;AC=PRIDE:0000590	not available	20 ppm	20 ppm	NT=Carbamidomethyl;MT=Fixed;TA=C;AC=UNIMOD:4	NT=Oxidation;MT=Variable;TA=M;AC=UNIMOD:35	NT=Excision;MT=Variable;TA=M;PP=Protein N-term;AC=UNIMOD:1	NT=Trypsin/P;AC=MS:1001313	cal51
PXD004701-Sample-19	Homo sapiens	cama1	not available	not available	cell line	not available	breast cancer	1	not available	not available	cell line	run19	proteomic profiling by mass spectrometry	NT=Data-Independent Acquisition;AC=NCIT:C161786	GUOT_K160125_SW_BR45.wiff	https://ftp.pride.ebi.ac.uk/pride/data/archive/2021/01/PXD004701/GUOT_K160125_SW_BR45	1	1	label free	TripleTOF 5600;AC=MS:1000932	NT=HCD;AC=PRIDE:0000590	not available	20 ppm	20 ppm	NT=Carbamidomethyl;MT=Fixed;TA=C;AC=UNIMOD:4	NT=Oxidation;MT=Variable;TA=M;AC=UNIMOD:35	NT=Excision;MT=Variable;TA=M;PP=Protein N-term;AC=UNIMOD:1	NT=Trypsin/P;AC=MS:1001313	cama1
PXD004701-Sample-20	Homo sapiens	cama1	not available	not available	cell line	not available	breast cancer	2	not available	not available	cell line	run20	proteomic profiling by mass spectrometry	NT=Data-Independent Acquisition;AC=NCIT:C161786	GUOT_K160125_SW_BR46.wiff	https://ftp.pride.ebi.ac.uk/pride/data/archive/2021/01/PXD004701/GUOT_K160125_SW_BR46	1	1	label free	TripleTOF 5600;AC=MS:1000932	NT=HCD;AC=PRIDE:0000590	not available	20 ppm	20 ppm	NT=Carbamidomethyl;MT=Fixed;TA=C;AC=UNIMOD:4	NT=Oxidation;MT=Variable;TA=M;AC=UNIMOD:35	NT=Excision;MT=Variable;TA=M;PP=Protein N-term;AC=UNIMOD:1	NT=Trypsin/P;AC=MS:1001313	cama1
PXD004701-Sample-21	Homo sapiens	du4475	not available	not available	cell line	not available	breast cancer	1	not available	not available	cell line	run21	proteomic profiling by mass spectrometry	NT=Data-Independent Acquisition;AC=NCIT:C161786	GUOT_K160125_SW_BR49.wiff	https://ftp.pride.ebi.ac.uk/pride/data/archive/2021/01/PXD004701/GUOT_K160125_SW_BR49	1	1	label free	TripleTOF 5600;AC=MS:1000932	NT=HCD;AC=PRIDE:0000590	not available	20 ppm	20 ppm	NT=Carbamidomethyl;MT=Fixed;TA=C;AC=UNIMOD:4	NT=Oxidation;MT=Variable;TA=M;AC=UNIMOD:35	NT=Excision;MT=Variable;TA=M;PP=Protein N-term;AC=UNIMOD:1	NT=Trypsin/P;AC=MS:1001313	du4475
PXD004701-Sample-22	Homo sapiens	du4475	not available	not available	cell line	not available	breast cancer	2	not available	not available	cell line	run22	proteomic profiling by mass spectrometry	NT=Data-Independent Acquisition;AC=NCIT:C161786	GUOT_K160125_SW_BR50.wiff	https://ftp.pride.ebi.ac.uk/pride/data/archive/2021/01/PXD004701/GUOT_K160125_SW_BR50	1	1	label free	TripleTOF 5600;AC=MS:1000932	NT=HCD;AC=PRIDE:0000590	not available	20 ppm	20 ppm	NT=Carbamidomethyl;MT=Fixed;TA=C;AC=UNIMOD:4	NT=Oxidation;MT=Variable;TA=M;AC=UNIMOD:35	NT=Excision;MT=Variable;TA=M;PP=Protein N-term;AC=UNIMOD:1	NT=Trypsin/P;AC=MS:1001313	du4475
PXD004701-Sample-23	Homo sapiens	efm19	not available	not available	cell line	not available	breast cancer	1	not available	not available	cell line	run23	proteomic profiling by mass spectrometry	NT=Data-Independent Acquisition;AC=NCIT:C161786	GUOT_K160125_SW_BR53.wiff	https://ftp.pride.ebi.ac.uk/pride/data/archive/2021/01/PXD004701/GUOT_K160125_SW_BR53	1	1	label free	TripleTOF 5600;AC=MS:1000932	NT=HCD;AC=PRIDE:0000590	not available	20 ppm	20 ppm	NT=Carbamidomethyl;MT=Fixed;TA=C;AC=UNIMOD:4	NT=Oxidation;MT=Variable;TA=M;AC=UNIMOD:35	NT=Excision;MT=Variable;TA=M;PP=Protein N-term;AC=UNIMOD:1	NT=Trypsin/P;AC=MS:1001313	efm19
PXD004701-Sample-24	Homo sapiens	efm19	not available	not available	cell line	not available	breast cancer	2	not available	not available	cell line	run24	proteomic profiling by mass spectrometry	NT=Data-Independent Acquisition;AC=NCIT:C161786	GUOT_K160125_SW_BR54.wiff	https://ftp.pride.ebi.ac.uk/pride/data/archive/2021/01/PXD004701/GUOT_K160125_SW_BR54	1	1	label free	TripleTOF 5600;AC=MS:1000932	NT=HCD;AC=PRIDE:0000590	not available	20 ppm	20 ppm	NT=Carbamidomethyl;MT=Fixed;TA=C;AC=UNIMOD:4	NT=Oxidation;MT=Variable;TA=M;AC=UNIMOD:35	NT=Excision;MT=Variable;TA=M;PP=Protein N-term;AC=UNIMOD:1	NT=Trypsin/P;AC=MS:1001313	efm19
PXD004701-Sample-25	Homo sapiens	efm192a	not available	not available	cell line	not available	breast cancer	1	not available	not available	cell line	run25	proteomic profiling by mass spectrometry	NT=Data-Independent Acquisition;AC=NCIT:C161786	GUOT_K160125_SW_BR57.wiff	https://ftp.pride.ebi.ac.uk/pride/data/archive/2021/01/PXD004701/GUOT_K160125_SW_BR57	1	1	label free	TripleTOF 5600;AC=MS:1000932	NT=HCD;AC=PRIDE:0000590	not available	20 ppm	20 ppm	NT=Carbamidomethyl;MT=Fixed;TA=C;AC=UNIMOD:4	NT=Oxidation;MT=Variable;TA=M;AC=UNIMOD:35	NT=Excision;MT=Variable;TA=M;PP=Protein N-term;AC=UNIMOD:1	NT=Trypsin/P;AC=MS:1001313	efm192a
PXD004701-Sample-26	Homo sapiens	efm192a	not available	not available	cell line	not available	breast cancer	2	not available	not available	cell line	run26	proteomic profiling by mass spectrometry	NT=Data-Independent Acquisition;AC=NCIT:C161786	GUOT_K160125_SW_BR58.wiff	https://ftp.pride.ebi.ac.uk/pride/data/archive/2021/01/PXD004701/GUOT_K160125_SW_BR58	1	1	label free	TripleTOF 5600;AC=MS:1000932	NT=HCD;AC=PRIDE:0000590	not available	20 ppm	20 ppm	NT=Carbamidomethyl;MT=Fixed;TA=C;AC=UNIMOD:4	NT=Oxidation;MT=Variable;TA=M;AC=UNIMOD:35	NT=Excision;MT=Variable;TA=M;PP=Protein N-term;AC=UNIMOD:1	NT=Trypsin/P;AC=MS:1001313	efm192a
PXD004701-Sample-27	Homo sapiens	evsat	not available	not available	cell line	not available	breast cancer	1	not available	not available	cell line	run27	proteomic profiling by mass spectrometry	NT=Data-Independent Acquisition;AC=NCIT:C161786	GUOT_K160125_SW_BR61.wiff	https://ftp.pride.ebi.ac.uk/pride/data/archive/2021/01/PXD004701/GUOT_K160125_SW_BR61	1	1	label free	TripleTOF 5600;AC=MS:1000932	NT=HCD;AC=PRIDE:0000590	not available	20 ppm	20 ppm	NT=Carbamidomethyl;MT=Fixed;TA=C;AC=UNIMOD:4	NT=Oxidation;MT=Variable;TA=M;AC=UNIMOD:35	NT=Excision;MT=Variable;TA=M;PP=Protein N-term;AC=UNIMOD:1	NT=Trypsin/P;AC=MS:1001313	evsat
PXD004701-Sample-28	Homo sapiens	evsat	not available	not available	cell line	not available	breast cancer	2	not available	not available	cell line	run28	proteomic profiling by mass spectrometry	NT=Data-Independent Acquisition;AC=NCIT:C161786	GUOT_K160125_SW_BR62.wiff	https://ftp.pride.ebi.ac.uk/pride/data/archive/2021/01/PXD004701/GUOT_K160125_SW_BR62	1	1	label free	TripleTOF 5600;AC=MS:1000932	NT=HCD;AC=PRIDE:0000590	not available	20 ppm	20 ppm	NT=Carbamidomethyl;MT=Fixed;TA=C;AC=UNIMOD:4	NT=Oxidation;MT=Variable;TA=M;AC=UNIMOD:35	NT=Excision;MT=Variable;TA=M;PP=Protein N-term;AC=UNIMOD:1	NT=Trypsin/P;AC=MS:1001313	evsat
PXD004701-Sample-29	Homo sapiens	hbl100	not available	not available	cell line	not available	breast cancer	1	not available	not available	cell line	run29	proteomic profiling by mass spectrometry	NT=Data-Independent Acquisition;AC=NCIT:C161786	GUOT_K160125_SW_BR65.wiff	https://ftp.pride.ebi.ac.uk/pride/data/archive/2021/01/PXD004701/GUOT_K160125_SW_BR65	1	1	label free	TripleTOF 5600;AC=MS:1000932	NT=HCD;AC=PRIDE:0000590	not available	20 ppm	20 ppm	NT=Carbamidomethyl;MT=Fixed;TA=C;AC=UNIMOD:4	NT=Oxidation;MT=Variable;TA=M;AC=UNIMOD:35	NT=Excision;MT=Variable;TA=M;PP=Protein N-term;AC=UNIMOD:1	NT=Trypsin/P;AC=MS:1001313	hbl100
PXD004701-Sample-30	Homo sapiens	hbl100	not available	not available	cell line	not available	breast cancer	2	not available	not available	cell line	run30	proteomic profiling by mass spectrometry	NT=Data-Independent Acquisition;AC=NCIT:C161786	GUOT_K160125_SW_BR66.wiff	https://ftp.pride.ebi.ac.uk/pride/data/archive/2021/01/PXD004701/GUOT_K160125_SW_BR66	1	1	label free	TripleTOF 5600;AC=MS:1000932	NT=HCD;AC=PRIDE:0000590	not available	20 ppm	20 ppm	NT=Carbamidomethyl;MT=Fixed;TA=C;AC=UNIMOD:4	NT=Oxidation;MT=Variable;TA=M;AC=UNIMOD:35	NT=Excision;MT=Variable;TA=M;PP=Protein N-term;AC=UNIMOD:1	NT=Trypsin/P;AC=MS:1001313	hbl100
PXD004701-Sample-31	Homo sapiens	hcc1143	not available	not available	cell line	not available	breast cancer	1	not available	not available	cell line	run31	proteomic profiling by mass spectrometry	NT=Data-Independent Acquisition;AC=NCIT:C161786	GUOT_K160125_SW_BR69.wiff	https://ftp.pride.ebi.ac.uk/pride/data/archive/2021/01/PXD004701/GUOT_K160125_SW_BR69	1	1	label free	TripleTOF 5600;AC=MS:1000932	NT=HCD;AC=PRIDE:0000590	not available	20 ppm	20 ppm	NT=Carbamidomethyl;MT=Fixed;TA=C;AC=UNIMOD:4	NT=Oxidation;MT=Variable;TA=M;AC=UNIMOD:35	NT=Excision;MT=Variable;TA=M;PP=Protein N-term;AC=UNIMOD:1	NT=Trypsin/P;AC=MS:1001313	hcc1143
PXD004701-Sample-32	Homo sapiens	hcc1143	not available	not available	cell line	not available	breast cancer	2	not available	not available	cell line	run32	proteomic profiling by mass spectrometry	NT=Data-Independent Acquisition;AC=NCIT:C161786	GUOT_K160125_SW_BR70.wiff	https://ftp.pride.ebi.ac.uk/pride/data/archive/2021/01/PXD004701/GUOT_K160125_SW_BR70	1	1	label free	TripleTOF 5600;AC=MS:1000932	NT=HCD;AC=PRIDE:0000590	not available	20 ppm	20 ppm	NT=Carbamidomethyl;MT=Fixed;TA=C;AC=UNIMOD:4	NT=Oxidation;MT=Variable;TA=M;AC=UNIMOD:35	NT=Excision;MT=Variable;TA=M;PP=Protein N-term;AC=UNIMOD:1	NT=Trypsin/P;AC=MS:1001313	hcc1143
PXD004701-Sample-33	Homo sapiens	hcc1187	not available	not available	cell line	not available	breast cancer	1	not available	not available	cell line	run33	proteomic profiling by mass spectrometry	NT=Data-Independent Acquisition;AC=NCIT:C161786	GUOT_K160125_SW_BR73.wiff	https://ftp.pride.ebi.ac.uk/pride/data/archive/2021/01/PXD004701/GUOT_K160125_SW_BR73	1	1	label free	TripleTOF 5600;AC=MS:1000932	NT=HCD;AC=PRIDE:0000590	not available	20 ppm	20 ppm	NT=Carbamidomethyl;MT=Fixed;TA=C;AC=UNIMOD:4	NT=Oxidation;MT=Variable;TA=M;AC=UNIMOD:35	NT=Excision;MT=Variable;TA=M;PP=Protein N-term;AC=UNIMOD:1	NT=Trypsin/P;AC=MS:1001313	hcc1187
PXD004701-Sample-34	Homo sapiens	hcc1187	not available	not available	cell line	not available	breast cancer	2	not available	not available	cell line	run34	proteomic profiling by mass spectrometry	NT=Data-Independent Acquisition;AC=NCIT:C161786	GUOT_K160125_SW_BR74.wiff	https://ftp.pride.ebi.ac.uk/pride/data/archive/2021/01/PXD004701/GUOT_K160125_SW_BR74	1	1	label free	TripleTOF 5600;AC=MS:1000932	NT=HCD;AC=PRIDE:0000590	not available	20 ppm	20 ppm	NT=Carbamidomethyl;MT=Fixed;TA=C;AC=UNIMOD:4	NT=Oxidation;MT=Variable;TA=M;AC=UNIMOD:35	NT=Excision;MT=Variable;TA=M;PP=Protein N-term;AC=UNIMOD:1	NT=Trypsin/P;AC=MS:1001313	hcc1187
PXD004701-Sample-35	Homo sapiens	hcc1395	not available	not available	cell line	not available	breast cancer	1	not available	not available	cell line	run35	proteomic profiling by mass spectrometry	NT=Data-Independent Acquisition;AC=NCIT:C161786	GUOT_K160125_SW_BR77.wiff	https://ftp.pride.ebi.ac.uk/pride/data/archive/2021/01/PXD004701/GUOT_K160125_SW_BR77	1	1	label free	TripleTOF 5600;AC=MS:1000932	NT=HCD;AC=PRIDE:0000590	not available	20 ppm	20 ppm	NT=Carbamidomethyl;MT=Fixed;TA=C;AC=UNIMOD:4	NT=Oxidation;MT=Variable;TA=M;AC=UNIMOD:35	NT=Excision;MT=Variable;TA=M;PP=Protein N-term;AC=UNIMOD:1	NT=Trypsin/P;AC=MS:1001313	hcc1395
PXD004701-Sample-36	Homo sapiens	hcc1395	not available	not available	cell line	not available	breast cancer	2	not available	not available	cell line	run36	proteomic profiling by mass spectrometry	NT=Data-Independent Acquisition;AC=NCIT:C161786	GUOT_K160125_SW_BR78.wiff	https://ftp.pride.ebi.ac.uk/pride/data/archive/2021/01/PXD004701/GUOT_K160125_SW_BR78	1	1	label free	TripleTOF 5600;AC=MS:1000932	NT=HCD;AC=PRIDE:0000590	not available	20 ppm	20 ppm	NT=Carbamidomethyl;MT=Fixed;TA=C;AC=UNIMOD:4	NT=Oxidation;MT=Variable;TA=M;AC=UNIMOD:35	NT=Excision;MT=Variable;TA=M;PP=Protein N-term;AC=UNIMOD:1	NT=Trypsin/P;AC=MS:1001313	hcc1395
PXD004701-Sample-37	Homo sapiens	hcc1419	not available	not available	cell line	not available	breast cancer	1	not available	not available	cell line	run37	proteomic profiling by mass spectrometry	NT=Data-Independent Acquisition;AC=NCIT:C161786	GUOT_K160125_SW_BR81.wiff	https://ftp.pride.ebi.ac.uk/pride/data/archive/2021/01/PXD004701/GUOT_K160125_SW_BR81	1	1	label free	TripleTOF 5600;AC=MS:1000932	NT=HCD;AC=PRIDE:0000590	not available	20 ppm	20 ppm	NT=Carbamidomethyl;MT=Fixed;TA=C;AC=UNIMOD:4	NT=Oxidation;MT=Variable;TA=M;AC=UNIMOD:35	NT=Excision;MT=Variable;TA=M;PP=Protein N-term;AC=UNIMOD:1	NT=Trypsin/P;AC=MS:1001313	hcc1419
PXD004701-Sample-38	Homo sapiens	hcc1419	not available	not available	cell line	not available	breast cancer	2	not available	not available	cell line	run38	proteomic profiling by mass spectrometry	NT=Data-Independent Acquisition;AC=NCIT:C161786	GUOT_K160125_SW_BR82.wiff	https://ftp.pride.ebi.ac.uk/pride/data/archive/2021/01/PXD004701/GUOT_K160125_SW_BR82	1	1	label free	TripleTOF 5600;AC=MS:1000932	NT=HCD;AC=PRIDE:0000590	not available	20 ppm	20 ppm	NT=Carbamidomethyl;MT=Fixed;TA=C;AC=UNIMOD:4	NT=Oxidation;MT=Variable;TA=M;AC=UNIMOD:35	NT=Excision;MT=Variable;TA=M;PP=Protein N-term;AC=UNIMOD:1	NT=Trypsin/P;AC=MS:1001313	hcc1419
PXD004701-Sample-39	Homo sapiens	hcc1428	not available	not available	cell line	not available	breast cancer	1	not available	not available	cell line	run39	proteomic profiling by mass spectrometry	NT=Data-Independent Acquisition;AC=NCIT:C161786	GUOT_K160125_SW_BR85.wiff	https://ftp.pride.ebi.ac.uk/pride/data/archive/2021/01/PXD004701/GUOT_K160125_SW_BR85	1	1	label free	TripleTOF 5600;AC=MS:1000932	NT=HCD;AC=PRIDE:0000590	not available	20 ppm	20 ppm	NT=Carbamidomethyl;MT=Fixed;TA=C;AC=UNIMOD:4	NT=Oxidation;MT=Variable;TA=M;AC=UNIMOD:35	NT=Excision;MT=Variable;TA=M;PP=Protein N-term;AC=UNIMOD:1	NT=Trypsin/P;AC=MS:1001313	hcc1428
PXD004701-Sample-40	Homo sapiens	hcc1428	not available	not available	cell line	not available	breast cancer	2	not available	not available	cell line	run40	proteomic profiling by mass spectrometry	NT=Data-Independent Acquisition;AC=NCIT:C161786	GUOT_K160125_SW_BR86.wiff	https://ftp.pride.ebi.ac.uk/pride/data/archive/2021/01/PXD004701/GUOT_K160125_SW_BR86	1	1	label free	TripleTOF 5600;AC=MS:1000932	NT=HCD;AC=PRIDE:0000590	not available	20 ppm	20 ppm	NT=Carbamidomethyl;MT=Fixed;TA=C;AC=UNIMOD:4	NT=Oxidation;MT=Variable;TA=M;AC=UNIMOD:35	NT=Excision;MT=Variable;TA=M;PP=Protein N-term;AC=UNIMOD:1	NT=Trypsin/P;AC=MS:1001313	hcc1428
PXD004701-Sample-41	Homo sapiens	hcc1569	not available	not available	cell line	not available	breast cancer	1	not available	not available	cell line	run41	proteomic profiling by mass spectrometry	NT=Data-Independent Acquisition;AC=NCIT:C161786	GUOT_K160125_SW_BR89.wiff	https://ftp.pride.ebi.ac.uk/pride/data/archive/2021/01/PXD004701/GUOT_K160125_SW_BR89	1	1	label free	TripleTOF 5600;AC=MS:1000932	NT=HCD;AC=PRIDE:0000590	not available	20 ppm	20 ppm	NT=Carbamidomethyl;MT=Fixed;TA=C;AC=UNIMOD:4	NT=Oxidation;MT=Variable;TA=M;AC=UNIMOD:35	NT=Excision;MT=Variable;TA=M;PP=Protein N-term;AC=UNIMOD:1	NT=Trypsin/P;AC=MS:1001313	hcc1569
PXD004701-Sample-42	Homo sapiens	hcc1569	not available	not available	cell line	not available	breast cancer	2	not available	not available	cell line	run42	proteomic profiling by mass spectrometry	NT=Data-Independent Acquisition;AC=NCIT:C161786	GUOT_K160125_SW_BR90.wiff	https://ftp.pride.ebi.ac.uk/pride/data/archive/2021/01/PXD004701/GUOT_K160125_SW_BR90	1	1	label free	TripleTOF 5600;AC=MS:1000932	NT=HCD;AC=PRIDE:0000590	not available	20 ppm	20 ppm	NT=Carbamidomethyl;MT=Fixed;TA=C;AC=UNIMOD:4	NT=Oxidation;MT=Variable;TA=M;AC=UNIMOD:35	NT=Excision;MT=Variable;TA=M;PP=Protein N-term;AC=UNIMOD:1	NT=Trypsin/P;AC=MS:1001313	hcc1569
PXD004701-Sample-43	Homo sapiens	hcc1599	not available	not available	cell line	not available	breast cancer	1	not available	not available	cell line	run43	proteomic profiling by mass spectrometry	NT=Data-Independent Acquisition;AC=NCIT:C161786	GUOT_K160125_SW_BR93.wiff	https://ftp.pride.ebi.ac.uk/pride/data/archive/2021/01/PXD004701/GUOT_K160125_SW_BR93	1	1	label free	TripleTOF 5600;AC=MS:1000932	NT=HCD;AC=PRIDE:0000590	not available	20 ppm	20 ppm	NT=Carbamidomethyl;MT=Fixed;TA=C;AC=UNIMOD:4	NT=Oxidation;MT=Variable;TA=M;AC=UNIMOD:35	NT=Excision;MT=Variable;TA=M;PP=Protein N-term;AC=UNIMOD:1	NT=Trypsin/P;AC=MS:1001313	hcc1599
PXD004701-Sample-44	Homo sapiens	hcc1599	not available	not available	cell line	not available	breast cancer	2	not available	not available	cell line	run44	proteomic profiling by mass spectrometry	NT=Data-Independent Acquisition;AC=NCIT:C161786	GUOT_K160125_SW_BR94.wiff	https://ftp.pride.ebi.ac.uk/pride/data/archive/2021/01/PXD004701/GUOT_K160125_SW_BR94	1	1	label free	TripleTOF 5600;AC=MS:1000932	NT=HCD;AC=PRIDE:0000590	not available	20 ppm	20 ppm	NT=Carbamidomethyl;MT=Fixed;TA=C;AC=UNIMOD:4	NT=Oxidation;MT=Variable;TA=M;AC=UNIMOD:35	NT=Excision;MT=Variable;TA=M;PP=Protein N-term;AC=UNIMOD:1	NT=Trypsin/P;AC=MS:1001313	hcc1599
PXD004701-Sample-45	Homo sapiens	hcc1806	not available	not available	cell line	not available	breast cancer	1	not available	not available	cell line	run45	proteomic profiling by mass spectrometry	NT=Data-Independent Acquisition;AC=NCIT:C161786	GUOT_K160125_SW_BR97.wiff	https://ftp.pride.ebi.ac.uk/pride/data/archive/2021/01/PXD004701/GUOT_K160125_SW_BR97	1	1	label free	TripleTOF 5600;AC=MS:1000932	NT=HCD;AC=PRIDE:0000590	not available	20 ppm	20 ppm	NT=Carbamidomethyl;MT=Fixed;TA=C;AC=UNIMOD:4	NT=Oxidation;MT=Variable;TA=M;AC=UNIMOD:35	NT=Excision;MT=Variable;TA=M;PP=Protein N-term;AC=UNIMOD:1	NT=Trypsin/P;AC=MS:1001313	hcc1806
PXD004701-Sample-46	Homo sapiens	hcc1806	not available	not available	cell line	not available	breast cancer	2	not available	not available	cell line	run46	proteomic profiling by mass spectrometry	NT=Data-Independent Acquisition;AC=NCIT:C161786	GUOT_K160125_SW_BR98.wiff	https://ftp.pride.ebi.ac.uk/pride/data/archive/2021/01/PXD004701/GUOT_K160125_SW_BR98	1	1	label free	TripleTOF 5600;AC=MS:1000932	NT=HCD;AC=PRIDE:0000590	not available	20 ppm	20 ppm	NT=Carbamidomethyl;MT=Fixed;TA=C;AC=UNIMOD:4	NT=Oxidation;MT=Variable;TA=M;AC=UNIMOD:35	NT=Excision;MT=Variable;TA=M;PP=Protein N-term;AC=UNIMOD:1	NT=Trypsin/P;AC=MS:1001313	hcc1806
PXD004701-Sample-47	Homo sapiens	hcc1937	not available	not available	cell line	not available	breast cancer	1	not available	not available	cell line	run47	proteomic profiling by mass spectrometry	NT=Data-Independent Acquisition;AC=NCIT:C161786	GUOT_K160125_SW_BR101.wiff	https://ftp.pride.ebi.ac.uk/pride/data/archive/2021/01/PXD004701/GUOT_K160125_SW_BR101	1	1	label free	TripleTOF 5600;AC=MS:1000932	NT=HCD;AC=PRIDE:0000590	not available	20 ppm	20 ppm	NT=Carbamidomethyl;MT=Fixed;TA=C;AC=UNIMOD:4	NT=Oxidation;MT=Variable;TA=M;AC=UNIMOD:35	NT=Excision;MT=Variable;TA=M;PP=Protein N-term;AC=UNIMOD:1	NT=Trypsin/P;AC=MS:1001313	hcc1937
PXD004701-Sample-48	Homo sapiens	hcc1937	not available	not available	cell line	not available	breast cancer	2	not available	not available	cell line	run48	proteomic profiling by mass spectrometry	NT=Data-Independent Acquisition;AC=NCIT:C161786	GUOT_K160125_SW_BR102.wiff	https://ftp.pride.ebi.ac.uk/pride/data/archive/2021/01/PXD004701/GUOT_K160125_SW_BR102	1	1	label free	TripleTOF 5600;AC=MS:1000932	NT=HCD;AC=PRIDE:0000590	not available	20 ppm	20 ppm	NT=Carbamidomethyl;MT=Fixed;TA=C;AC=UNIMOD:4	NT=Oxidation;MT=Variable;TA=M;AC=UNIMOD:35	NT=Excision;MT=Variable;TA=M;PP=Protein N-term;AC=UNIMOD:1	NT=Trypsin/P;AC=MS:1001313	hcc1937
PXD004701-Sample-49	Homo sapiens	hcc1954	not available	not available	cell line	not available	breast cancer	1	not available	not available	cell line	run49	proteomic profiling by mass spectrometry	NT=Data-Independent Acquisition;AC=NCIT:C161786	GUOT_K160125_SW_BR105.wiff	https://ftp.pride.ebi.ac.uk/pride/data/archive/2021/01/PXD004701/GUOT_K160125_SW_BR105	1	1	label free	TripleTOF 5600;AC=MS:1000932	NT=HCD;AC=PRIDE:0000590	not available	20 ppm	20 ppm	NT=Carbamidomethyl;MT=Fixed;TA=C;AC=UNIMOD:4	NT=Oxidation;MT=Variable;TA=M;AC=UNIMOD:35	NT=Excision;MT=Variable;TA=M;PP=Protein N-term;AC=UNIMOD:1	NT=Trypsin/P;AC=MS:1001313	hcc1954
PXD004701-Sample-50	Homo sapiens	hcc1954	not available	not available	cell line	not available	breast cancer	2	not available	not available	cell line	run50	proteomic profiling by mass spectrometry	NT=Data-Independent Acquisition;AC=NCIT:C161786	GUOT_K160125_SW_BR106.wiff	https://ftp.pride.ebi.ac.uk/pride/data/archive/2021/01/PXD004701/GUOT_K160125_SW_BR106	1	1	label free	TripleTOF 5600;AC=MS:1000932	NT=HCD;AC=PRIDE:0000590	not available	20 ppm	20 ppm	NT=Carbamidomethyl;MT=Fixed;TA=C;AC=UNIMOD:4	NT=Oxidation;MT=Variable;TA=M;AC=UNIMOD:35	NT=Excision;MT=Variable;TA=M;PP=Protein N-term;AC=UNIMOD:1	NT=Trypsin/P;AC=MS:1001313	hcc1954
PXD004701-Sample-51	Homo sapiens	hcc202	not available	not available	cell line	not available	breast cancer	1	not available	not available	cell line	run51	proteomic profiling by mass spectrometry	NT=Data-Independent Acquisition;AC=NCIT:C161786	GUOT_K160125_SW_BR109.wiff	https://ftp.pride.ebi.ac.uk/pride/data/archive/2021/01/PXD004701/GUOT_K160125_SW_BR109	1	1	label free	TripleTOF 5600;AC=MS:1000932	NT=HCD;AC=PRIDE:0000590	not available	20 ppm	20 ppm	NT=Carbamidomethyl;MT=Fixed;TA=C;AC=UNIMOD:4	NT=Oxidation;MT=Variable;TA=M;AC=UNIMOD:35	NT=Excision;MT=Variable;TA=M;PP=Protein N-term;AC=UNIMOD:1	NT=Trypsin/P;AC=MS:1001313	hcc202
PXD004701-Sample-52	Homo sapiens	hcc202	not available	not available	cell line	not available	breast cancer	2	not available	not available	cell line	run52	proteomic profiling by mass spectrometry	NT=Data-Independent Acquisition;AC=NCIT:C161786	GUOT_K160125_SW_BR110.wiff	https://ftp.pride.ebi.ac.uk/pride/data/archive/2021/01/PXD004701/GUOT_K160125_SW_BR110	1	1	label free	TripleTOF 5600;AC=MS:1000932	NT=HCD;AC=PRIDE:0000590	not available	20 ppm	20 ppm	NT=Carbamidomethyl;MT=Fixed;TA=C;AC=UNIMOD:4	NT=Oxidation;MT=Variable;TA=M;AC=UNIMOD:35	NT=Excision;MT=Variable;TA=M;PP=Protein N-term;AC=UNIMOD:1	NT=Trypsin/P;AC=MS:1001313	hcc202
PXD004701-Sample-53	Homo sapiens	hcc2185	not available	not available	cell line	not available	breast cancer	1	not available	not available	cell line	run53	proteomic profiling by mass spectrometry	NT=Data-Independent Acquisition;AC=NCIT:C161786	GUOT_K160125_SW_BR113.wiff	https://ftp.pride.ebi.ac.uk/pride/data/archive/2021/01/PXD004701/GUOT_K160125_SW_BR113	1	1	label free	TripleTOF 5600;AC=MS:1000932	NT=HCD;AC=PRIDE:0000590	not available	20 ppm	20 ppm	NT=Carbamidomethyl;MT=Fixed;TA=C;AC=UNIMOD:4	NT=Oxidation;MT=Variable;TA=M;AC=UNIMOD:35	NT=Excision;MT=Variable;TA=M;PP=Protein N-term;AC=UNIMOD:1	NT=Trypsin/P;AC=MS:1001313	hcc2185
PXD004701-Sample-54	Homo sapiens	hcc2185	not available	not available	cell line	not available	breast cancer	2	not available	not available	cell line	run54	proteomic profiling by mass spectrometry	NT=Data-Independent Acquisition;AC=NCIT:C161786	GUOT_K160125_SW_BR114.wiff	https://ftp.pride.ebi.ac.uk/pride/data/archive/2021/01/PXD004701/GUOT_K160125_SW_BR114	1	1	label free	TripleTOF 5600;AC=MS:1000932	NT=HCD;AC=PRIDE:0000590	not available	20 ppm	20 ppm	NT=Carbamidomethyl;MT=Fixed;TA=C;AC=UNIMOD:4	NT=Oxidation;MT=Variable;TA=M;AC=UNIMOD:35	NT=Excision;MT=Variable;TA=M;PP=Protein N-term;AC=UNIMOD:1	NT=Trypsin/P;AC=MS:1001313	hcc2185
PXD004701-Sample-55	Homo sapiens	hcc2218	not available	not available	cell line	not available	breast cancer	1	not available	not available	cell line	run55	proteomic profiling by mass spectrometry	NT=Data-Independent Acquisition;AC=NCIT:C161786	GUOT_K160125_SW_BR117.wiff	https://ftp.pride.ebi.ac.uk/pride/data/archive/2021/01/PXD004701/GUOT_K160125_SW_BR117	1	1	label free	TripleTOF 5600;AC=MS:1000932	NT=HCD;AC=PRIDE:0000590	not available	20 ppm	20 ppm	NT=Carbamidomethyl;MT=Fixed;TA=C;AC=UNIMOD:4	NT=Oxidation;MT=Variable;TA=M;AC=UNIMOD:35	NT=Excision;MT=Variable;TA=M;PP=Protein N-term;AC=UNIMOD:1	NT=Trypsin/P;AC=MS:1001313	hcc2218
PXD004701-Sample-56	Homo sapiens	hcc2218	not available	not available	cell line	not available	breast cancer	2	not available	not available	cell line	run56	proteomic profiling by mass spectrometry	NT=Data-Independent Acquisition;AC=NCIT:C161786	GUOT_K160125_SW_BR118B.wiff	https://ftp.pride.ebi.ac.uk/pride/data/archive/2021/01/PXD004701/GUOT_K160125_SW_BR118B	1	1	label free	TripleTOF 5600;AC=MS:1000932	NT=HCD;AC=PRIDE:0000590	not available	20 ppm	20 ppm	NT=Carbamidomethyl;MT=Fixed;TA=C;AC=UNIMOD:4	NT=Oxidation;MT=Variable;TA=M;AC=UNIMOD:35	NT=Excision;MT=Variable;TA=M;PP=Protein N-term;AC=UNIMOD:1	NT=Trypsin/P;AC=MS:1001313	hcc2218
PXD004701-Sample-57	Homo sapiens	hcc2688	not available	not available	cell line	not available	breast cancer	1	not available	not available	cell line	run57	proteomic profiling by mass spectrometry	NT=Data-Independent Acquisition;AC=NCIT:C161786	GUOT_K160125_SW_BR121.wiff	https://ftp.pride.ebi.ac.uk/pride/data/archive/2021/01/PXD004701/GUOT_K160125_SW_BR121	1	1	label free	TripleTOF 5600;AC=MS:1000932	NT=HCD;AC=PRIDE:0000590	not available	20 ppm	20 ppm	NT=Carbamidomethyl;MT=Fixed;TA=C;AC=UNIMOD:4	NT=Oxidation;MT=Variable;TA=M;AC=UNIMOD:35	NT=Excision;MT=Variable;TA=M;PP=Protein N-term;AC=UNIMOD:1	NT=Trypsin/P;AC=MS:1001313	hcc2688
PXD004701-Sample-58	Homo sapiens	hcc2688	not available	not available	cell line	not available	breast cancer	2	not available	not available	cell line	run58	proteomic profiling by mass spectrometry	NT=Data-Independent Acquisition;AC=NCIT:C161786	GUOT_K160125_SW_BR122.wiff	https://ftp.pride.ebi.ac.uk/pride/data/archive/2021/01/PXD004701/GUOT_K160125_SW_BR122	1	1	label free	TripleTOF 5600;AC=MS:1000932	NT=HCD;AC=PRIDE:0000590	not available	20 ppm	20 ppm	NT=Carbamidomethyl;MT=Fixed;TA=C;AC=UNIMOD:4	NT=Oxidation;MT=Variable;TA=M;AC=UNIMOD:35	NT=Excision;MT=Variable;TA=M;PP=Protein N-term;AC=UNIMOD:1	NT=Trypsin/P;AC=MS:1001313	hcc2688
PXD004701-Sample-59	Homo sapiens	hcc3153	not available	not available	cell line	not available	breast cancer	1	not available	not available	cell line	run59	proteomic profiling by mass spectrometry	NT=Data-Independent Acquisition;AC=NCIT:C161786	GUOT_K160125_SW_BR125.wiff	https://ftp.pride.ebi.ac.uk/pride/data/archive/2021/01/PXD004701/GUOT_K160125_SW_BR125	1	1	label free	TripleTOF 5600;AC=MS:1000932	NT=HCD;AC=PRIDE:0000590	not available	20 ppm	20 ppm	NT=Carbamidomethyl;MT=Fixed;TA=C;AC=UNIMOD:4	NT=Oxidation;MT=Variable;TA=M;AC=UNIMOD:35	NT=Excision;MT=Variable;TA=M;PP=Protein N-term;AC=UNIMOD:1	NT=Trypsin/P;AC=MS:1001313	hcc3153
PXD004701-Sample-60	Homo sapiens	hcc3153	not available	not available	cell line	not available	breast cancer	2	not available	not available	cell line	run60	proteomic profiling by mass spectrometry	NT=Data-Independent Acquisition;AC=NCIT:C161786	GUOT_K160125_SW_BR126.wiff	https://ftp.pride.ebi.ac.uk/pride/data/archive/2021/01/PXD004701/GUOT_K160125_SW_BR126	1	1	label free	TripleTOF 5600;AC=MS:1000932	NT=HCD;AC=PRIDE:0000590	not available	20 ppm	20 ppm	NT=Carbamidomethyl;MT=Fixed;TA=C;AC=UNIMOD:4	NT=Oxidation;MT=Variable;TA=M;AC=UNIMOD:35	NT=Excision;MT=Variable;TA=M;PP=Protein N-term;AC=UNIMOD:1	NT=Trypsin/P;AC=MS:1001313	hcc3153
PXD004701-Sample-61	Homo sapiens	hcc38	not available	not available	cell line	not available	breast cancer	1	not available	not available	cell line	run61	proteomic profiling by mass spectrometry	NT=Data-Independent Acquisition;AC=NCIT:C161786	GUOT_K160125_SW_BR129.wiff	https://ftp.pride.ebi.ac.uk/pride/data/archive/2021/01/PXD004701/GUOT_K160125_SW_BR129	1	1	label free	TripleTOF 5600;AC=MS:1000932	NT=HCD;AC=PRIDE:0000590	not available	20 ppm	20 ppm	NT=Carbamidomethyl;MT=Fixed;TA=C;AC=UNIMOD:4	NT=Oxidation;MT=Variable;TA=M;AC=UNIMOD:35	NT=Excision;MT=Variable;TA=M;PP=Protein N-term;AC=UNIMOD:1	NT=Trypsin/P;AC=MS:1001313	hcc38
PXD004701-Sample-62	Homo sapiens	hcc38	not available	not available	cell line	not available	breast cancer	2	not available	not available	cell line	run62	proteomic profiling by mass spectrometry	NT=Data-Independent Acquisition;AC=NCIT:C161786	GUOT_K160125_SW_BR130.wiff	https://ftp.pride.ebi.ac.uk/pride/data/archive/2021/01/PXD004701/GUOT_K160125_SW_BR130	1	1	label free	TripleTOF 5600;AC=MS:1000932	NT=HCD;AC=PRIDE:0000590	not available	20 ppm	20 ppm	NT=Carbamidomethyl;MT=Fixed;TA=C;AC=UNIMOD:4	NT=Oxidation;MT=Variable;TA=M;AC=UNIMOD:35	NT=Excision;MT=Variable;TA=M;PP=Protein N-term;AC=UNIMOD:1	NT=Trypsin/P;AC=MS:1001313	hcc38
PXD004701-Sample-63	Homo sapiens	hcc70	not available	not available	cell line	not available	breast cancer	1	not available	not available	cell line	run63	proteomic profiling by mass spectrometry	NT=Data-Independent Acquisition;AC=NCIT:C161786	GUOT_K160125_SW_BR133.wiff	https://ftp.pride.ebi.ac.uk/pride/data/archive/2021/01/PXD004701/GUOT_K160125_SW_BR133	1	1	label free	TripleTOF 5600;AC=MS:1000932	NT=HCD;AC=PRIDE:0000590	not available	20 ppm	20 ppm	NT=Carbamidomethyl;MT=Fixed;TA=C;AC=UNIMOD:4	NT=Oxidation;MT=Variable;TA=M;AC=UNIMOD:35	NT=Excision;MT=Variable;TA=M;PP=Protein N-term;AC=UNIMOD:1	NT=Trypsin/P;AC=MS:1001313	hcc70
PXD004701-Sample-64	Homo sapiens	hcc70	not available	not available	cell line	not available	breast cancer	2	not available	not available	cell line	run64	proteomic profiling by mass spectrometry	NT=Data-Independent Acquisition;AC=NCIT:C161786	GUOT_K160125_SW_BR134.wiff	https://ftp.pride.ebi.ac.uk/pride/data/archive/2021/01/PXD004701/GUOT_K160125_SW_BR134	1	1	label free	TripleTOF 5600;AC=MS:1000932	NT=HCD;AC=PRIDE:0000590	not available	20 ppm	20 ppm	NT=Carbamidomethyl;MT=Fixed;TA=C;AC=UNIMOD:4	NT=Oxidation;MT=Variable;TA=M;AC=UNIMOD:35	NT=Excision;MT=Variable;TA=M;PP=Protein N-term;AC=UNIMOD:1	NT=Trypsin/P;AC=MS:1001313	hcc70
PXD004701-Sample-65	Homo sapiens	hdqp1	not available	not available	cell line	not available	breast cancer	1	not available	not available	cell line	run65	proteomic profiling by mass spectrometry	NT=Data-Independent Acquisition;AC=NCIT:C161786	GUOT_L160302_SW_BR137.wiff	https://ftp.pride.ebi.ac.uk/pride/data/archive/2021/01/PXD004701/GUOT_L160302_SW_BR137	1	1	label free	TripleTOF 5600;AC=MS:1000932	NT=HCD;AC=PRIDE:0000590	not available	20 ppm	20 ppm	NT=Carbamidomethyl;MT=Fixed;TA=C;AC=UNIMOD:4	NT=Oxidation;MT=Variable;TA=M;AC=UNIMOD:35	NT=Excision;MT=Variable;TA=M;PP=Protein N-term;AC=UNIMOD:1	NT=Trypsin/P;AC=MS:1001313	hdqp1
PXD004701-Sample-66	Homo sapiens	hdqp1	not available	not available	cell line	not available	breast cancer	2	not available	not available	cell line	run66	proteomic profiling by mass spectrometry	NT=Data-Independent Acquisition;AC=NCIT:C161786	GUOT_L160302_SW_BR138.wiff	https://ftp.pride.ebi.ac.uk/pride/data/archive/2021/01/PXD004701/GUOT_L160302_SW_BR138	1	1	label free	TripleTOF 5600;AC=MS:1000932	NT=HCD;AC=PRIDE:0000590	not available	20 ppm	20 ppm	NT=Carbamidomethyl;MT=Fixed;TA=C;AC=UNIMOD:4	NT=Oxidation;MT=Variable;TA=M;AC=UNIMOD:35	NT=Excision;MT=Variable;TA=M;PP=Protein N-term;AC=UNIMOD:1	NT=Trypsin/P;AC=MS:1001313	hdqp1
PXD004701-Sample-67	Homo sapiens	hs578t	not available	not available	cell line	not available	breast cancer	1	not available	not available	cell line	run67	proteomic profiling by mass spectrometry	NT=Data-Independent Acquisition;AC=NCIT:C161786	GUOT_K160125_SW_BR141.wiff	https://ftp.pride.ebi.ac.uk/pride/data/archive/2021/01/PXD004701/GUOT_K160125_SW_BR141	1	1	label free	TripleTOF 5600;AC=MS:1000932	NT=HCD;AC=PRIDE:0000590	not available	20 ppm	20 ppm	NT=Carbamidomethyl;MT=Fixed;TA=C;AC=UNIMOD:4	NT=Oxidation;MT=Variable;TA=M;AC=UNIMOD:35	NT=Excision;MT=Variable;TA=M;PP=Protein N-term;AC=UNIMOD:1	NT=Trypsin/P;AC=MS:1001313	hs578t
PXD004701-Sample-68	Homo sapiens	hs578t	not available	not available	cell line	not available	breast cancer	2	not available	not available	cell line	run68	proteomic profiling by mass spectrometry	NT=Data-Independent Acquisition;AC=NCIT:C161786	GUOT_K160125_SW_BR142.wiff	https://ftp.pride.ebi.ac.uk/pride/data/archive/2021/01/PXD004701/GUOT_K160125_SW_BR142	1	1	label free	TripleTOF 5600;AC=MS:1000932	NT=HCD;AC=PRIDE:0000590	not available	20 ppm	20 ppm	NT=Carbamidomethyl;MT=Fixed;TA=C;AC=UNIMOD:4	NT=Oxidation;MT=Variable;TA=M;AC=UNIMOD:35	NT=Excision;MT=Variable;TA=M;PP=Protein N-term;AC=UNIMOD:1	NT=Trypsin/P;AC=MS:1001313	hs578t
PXD004701-Sample-69	Homo sapiens	jimt1	not available	not available	cell line	not available	breast cancer	1	not available	not available	cell line	run69	proteomic profiling by mass spectrometry	NT=Data-Independent Acquisition;AC=NCIT:C161786	GUOT_K160125_SW_BR145.wiff	https://ftp.pride.ebi.ac.uk/pride/data/archive/2021/01/PXD004701/GUOT_K160125_SW_BR145	1	1	label free	TripleTOF 5600;AC=MS:1000932	NT=HCD;AC=PRIDE:0000590	not available	20 ppm	20 ppm	NT=Carbamidomethyl;MT=Fixed;TA=C;AC=UNIMOD:4	NT=Oxidation;MT=Variable;TA=M;AC=UNIMOD:35	NT=Excision;MT=Variable;TA=M;PP=Protein N-term;AC=UNIMOD:1	NT=Trypsin/P;AC=MS:1001313	jimt1
PXD004701-Sample-70	Homo sapiens	jimt1	not available	not available	cell line	not available	breast cancer	2	not available	not available	cell line	run70	proteomic profiling by mass spectrometry	NT=Data-Independent Acquisition;AC=NCIT:C161786	GUOT_K160125_SW_BR146B.wiff	https://ftp.pride.ebi.ac.uk/pride/data/archive/2021/01/PXD004701/GUOT_K160125_SW_BR146B	1	1	label free	TripleTOF 5600;AC=MS:1000932	NT=HCD;AC=PRIDE:0000590	not available	20 ppm	20 ppm	NT=Carbamidomethyl;MT=Fixed;TA=C;AC=UNIMOD:4	NT=Oxidation;MT=Variable;TA=M;AC=UNIMOD:35	NT=Excision;MT=Variable;TA=M;PP=Protein N-term;AC=UNIMOD:1	NT=Trypsin/P;AC=MS:1001313	jimt1
PXD004701-Sample-71	Homo sapiens	kpl1	not available	not available	cell line	not available	breast cancer	1	not available	not available	cell line	run71	proteomic profiling by mass spectrometry	NT=Data-Independent Acquisition;AC=NCIT:C161786	GUOT_K160125_SW_BR149B.wiff	https://ftp.pride.ebi.ac.uk/pride/data/archive/2021/01/PXD004701/GUOT_K160125_SW_BR149B	1	1	label free	TripleTOF 5600;AC=MS:1000932	NT=HCD;AC=PRIDE:0000590	not available	20 ppm	20 ppm	NT=Carbamidomethyl;MT=Fixed;TA=C;AC=UNIMOD:4	NT=Oxidation;MT=Variable;TA=M;AC=UNIMOD:35	NT=Excision;MT=Variable;TA=M;PP=Protein N-term;AC=UNIMOD:1	NT=Trypsin/P;AC=MS:1001313	kpl1
PXD004701-Sample-72	Homo sapiens	kpl1	not available	not available	cell line	not available	breast cancer	2	not available	not available	cell line	run72	proteomic profiling by mass spectrometry	NT=Data-Independent Acquisition;AC=NCIT:C161786	GUOT_K160125_SW_BR150B.wiff	https://ftp.pride.ebi.ac.uk/pride/data/archive/2021/01/PXD004701/GUOT_K160125_SW_BR150B	1	1	label free	TripleTOF 5600;AC=MS:1000932	NT=HCD;AC=PRIDE:0000590	not available	20 ppm	20 ppm	NT=Carbamidomethyl;MT=Fixed;TA=C;AC=UNIMOD:4	NT=Oxidation;MT=Variable;TA=M;AC=UNIMOD:35	NT=Excision;MT=Variable;TA=M;PP=Protein N-term;AC=UNIMOD:1	NT=Trypsin/P;AC=MS:1001313	kpl1
PXD004701-Sample-73	Homo sapiens	ly2	not available	not available	cell line	not available	breast cancer	1	not available	not available	cell line	run73	proteomic profiling by mass spectrometry	NT=Data-Independent Acquisition;AC=NCIT:C161786	GUOT_K160125_SW_BR153.wiff	https://ftp.pride.ebi.ac.uk/pride/data/archive/2021/01/PXD004701/GUOT_K160125_SW_BR153	1	1	label free	TripleTOF 5600;AC=MS:1000932	NT=HCD;AC=PRIDE:0000590	not available	20 ppm	20 ppm	NT=Carbamidomethyl;MT=Fixed;TA=C;AC=UNIMOD:4	NT=Oxidation;MT=Variable;TA=M;AC=UNIMOD:35	NT=Excision;MT=Variable;TA=M;PP=Protein N-term;AC=UNIMOD:1	NT=Trypsin/P;AC=MS:1001313	ly2
PXD004701-Sample-74	Homo sapiens	ly2	not available	not available	cell line	not available	breast cancer	2	not available	not available	cell line	run74	proteomic profiling by mass spectrometry	NT=Data-Independent Acquisition;AC=NCIT:C161786	GUOT_K160125_SW_BR154.wiff	https://ftp.pride.ebi.ac.uk/pride/data/archive/2021/01/PXD004701/GUOT_K160125_SW_BR154	1	1	label free	TripleTOF 5600;AC=MS:1000932	NT=HCD;AC=PRIDE:0000590	not available	20 ppm	20 ppm	NT=Carbamidomethyl;MT=Fixed;TA=C;AC=UNIMOD:4	NT=Oxidation;MT=Variable;TA=M;AC=UNIMOD:35	NT=Excision;MT=Variable;TA=M;PP=Protein N-term;AC=UNIMOD:1	NT=Trypsin/P;AC=MS:1001313	ly2
PXD004701-Sample-75	Homo sapiens	macls2	not available	not available	cell line	not available	breast cancer	1	not available	not available	cell line	run75	proteomic profiling by mass spectrometry	NT=Data-Independent Acquisition;AC=NCIT:C161786	GUOT_K160125_SW_BR157.wiff	https://ftp.pride.ebi.ac.uk/pride/data/archive/2021/01/PXD004701/GUOT_K160125_SW_BR157	1	1	label free	TripleTOF 5600;AC=MS:1000932	NT=HCD;AC=PRIDE:0000590	not available	20 ppm	20 ppm	NT=Carbamidomethyl;MT=Fixed;TA=C;AC=UNIMOD:4	NT=Oxidation;MT=Variable;TA=M;AC=UNIMOD:35	NT=Excision;MT=Variable;TA=M;PP=Protein N-term;AC=UNIMOD:1	NT=Trypsin/P;AC=MS:1001313	macls2
PXD004701-Sample-76	Homo sapiens	macls2	not available	not available	cell line	not available	breast cancer	2	not available	not available	cell line	run76	proteomic profiling by mass spectrometry	NT=Data-Independent Acquisition;AC=NCIT:C161786	GUOT_K160125_SW_BR158.wiff	https://ftp.pride.ebi.ac.uk/pride/data/archive/2021/01/PXD004701/GUOT_K160125_SW_BR158	1	1	label free	TripleTOF 5600;AC=MS:1000932	NT=HCD;AC=PRIDE:0000590	not available	20 ppm	20 ppm	NT=Carbamidomethyl;MT=Fixed;TA=C;AC=UNIMOD:4	NT=Oxidation;MT=Variable;TA=M;AC=UNIMOD:35	NT=Excision;MT=Variable;TA=M;PP=Protein N-term;AC=UNIMOD:1	NT=Trypsin/P;AC=MS:1001313	macls2
PXD004701-Sample-77	Homo sapiens	mb157	not available	not available	cell line	not available	breast cancer	1	not available	not available	cell line	run77	proteomic profiling by mass spectrometry	NT=Data-Independent Acquisition;AC=NCIT:C161786	GUOT_K160125_SW_BR161.wiff	https://ftp.pride.ebi.ac.uk/pride/data/archive/2021/01/PXD004701/GUOT_K160125_SW_BR161	1	1	label free	TripleTOF 5600;AC=MS:1000932	NT=HCD;AC=PRIDE:0000590	not available	20 ppm	20 ppm	NT=Carbamidomethyl;MT=Fixed;TA=C;AC=UNIMOD:4	NT=Oxidation;MT=Variable;TA=M;AC=UNIMOD:35	NT=Excision;MT=Variable;TA=M;PP=Protein N-term;AC=UNIMOD:1	NT=Trypsin/P;AC=MS:1001313	mb157
PXD004701-Sample-78	Homo sapiens	mb157	not available	not available	cell line	not available	breast cancer	2	not available	not available	cell line	run78	proteomic profiling by mass spectrometry	NT=Data-Independent Acquisition;AC=NCIT:C161786	GUOT_K160125_SW_BR162.wiff	https://ftp.pride.ebi.ac.uk/pride/data/archive/2021/01/PXD004701/GUOT_K160125_SW_BR162	1	1	label free	TripleTOF 5600;AC=MS:1000932	NT=HCD;AC=PRIDE:0000590	not available	20 ppm	20 ppm	NT=Carbamidomethyl;MT=Fixed;TA=C;AC=UNIMOD:4	NT=Oxidation;MT=Variable;TA=M;AC=UNIMOD:35	NT=Excision;MT=Variable;TA=M;PP=Protein N-term;AC=UNIMOD:1	NT=Trypsin/P;AC=MS:1001313	mb157
PXD004701-Sample-79	Homo sapiens	mcf10a	not available	not available	cell line	not available	breast cancer	1	not available	not available	cell line	run79	proteomic profiling by mass spectrometry	NT=Data-Independent Acquisition;AC=NCIT:C161786	GUOT_K160125_SW_BR165.wiff	https://ftp.pride.ebi.ac.uk/pride/data/archive/2021/01/PXD004701/GUOT_K160125_SW_BR165	1	1	label free	TripleTOF 5600;AC=MS:1000932	NT=HCD;AC=PRIDE:0000590	not available	20 ppm	20 ppm	NT=Carbamidomethyl;MT=Fixed;TA=C;AC=UNIMOD:4	NT=Oxidation;MT=Variable;TA=M;AC=UNIMOD:35	NT=Excision;MT=Variable;TA=M;PP=Protein N-term;AC=UNIMOD:1	NT=Trypsin/P;AC=MS:1001313	mcf10a
PXD004701-Sample-80	Homo sapiens	mcf10a	not available	not available	cell line	not available	breast cancer	2	not available	not available	cell line	run80	proteomic profiling by mass spectrometry	NT=Data-Independent Acquisition;AC=NCIT:C161786	GUOT_K160125_SW_BR166.wiff	https://ftp.pride.ebi.ac.uk/pride/data/archive/2021/01/PXD004701/GUOT_K160125_SW_BR166	1	1	label free	TripleTOF 5600;AC=MS:1000932	NT=HCD;AC=PRIDE:0000590	not available	20 ppm	20 ppm	NT=Carbamidomethyl;MT=Fixed;TA=C;AC=UNIMOD:4	NT=Oxidation;MT=Variable;TA=M;AC=UNIMOD:35	NT=Excision;MT=Variable;TA=M;PP=Protein N-term;AC=UNIMOD:1	NT=Trypsin/P;AC=MS:1001313	mcf10a
PXD004701-Sample-81	Homo sapiens	mcf12a	not available	not available	cell line	not available	breast cancer	1	not available	not available	cell line	run81	proteomic profiling by mass spectrometry	NT=Data-Independent Acquisition;AC=NCIT:C161786	GUOT_K160125_SW_BR169.wiff	https://ftp.pride.ebi.ac.uk/pride/data/archive/2021/01/PXD004701/GUOT_K160125_SW_BR169	1	1	label free	TripleTOF 5600;AC=MS:1000932	NT=HCD;AC=PRIDE:0000590	not available	20 ppm	20 ppm	NT=Carbamidomethyl;MT=Fixed;TA=C;AC=UNIMOD:4	NT=Oxidation;MT=Variable;TA=M;AC=UNIMOD:35	NT=Excision;MT=Variable;TA=M;PP=Protein N-term;AC=UNIMOD:1	NT=Trypsin/P;AC=MS:1001313	mcf12a
PXD004701-Sample-82	Homo sapiens	mcf12a	not available	not available	cell line	not available	breast cancer	2	not available	not available	cell line	run82	proteomic profiling by mass spectrometry	NT=Data-Independent Acquisition;AC=NCIT:C161786	GUOT_K160125_SW_BR170.wiff	https://ftp.pride.ebi.ac.uk/pride/data/archive/2021/01/PXD004701/GUOT_K160125_SW_BR170	1	1	label free	TripleTOF 5600;AC=MS:1000932	NT=HCD;AC=PRIDE:0000590	not available	20 ppm	20 ppm	NT=Carbamidomethyl;MT=Fixed;TA=C;AC=UNIMOD:4	NT=Oxidation;MT=Variable;TA=M;AC=UNIMOD:35	NT=Excision;MT=Variable;TA=M;PP=Protein N-term;AC=UNIMOD:1	NT=Trypsin/P;AC=MS:1001313	mcf12a
PXD004701-Sample-83	Homo sapiens	mcf7	not available	not available	cell line	not available	breast cancer	1	not available	not available	cell line	run83	proteomic profiling by mass spectrometry	NT=Data-Independent Acquisition;AC=NCIT:C161786	GUOT_K160125_SW_BR173.wiff	https://ftp.pride.ebi.ac.uk/pride/data/archive/2021/01/PXD004701/GUOT_K160125_SW_BR173	1	1	label free	TripleTOF 5600;AC=MS:1000932	NT=HCD;AC=PRIDE:0000590	not available	20 ppm	20 ppm	NT=Carbamidomethyl;MT=Fixed;TA=C;AC=UNIMOD:4	NT=Oxidation;MT=Variable;TA=M;AC=UNIMOD:35	NT=Excision;MT=Variable;TA=M;PP=Protein N-term;AC=UNIMOD:1	NT=Trypsin/P;AC=MS:1001313	mcf7
PXD004701-Sample-84	Homo sapiens	mcf7	not available	not available	cell line	not available	breast cancer	2	not available	not available	cell line	run84	proteomic profiling by mass spectrometry	NT=Data-Independent Acquisition;AC=NCIT:C161786	GUOT_K160125_SW_BR174.wiff	https://ftp.pride.ebi.ac.uk/pride/data/archive/2021/01/PXD004701/GUOT_K160125_SW_BR174	1	1	label free	TripleTOF 5600;AC=MS:1000932	NT=HCD;AC=PRIDE:0000590	not available	20 ppm	20 ppm	NT=Carbamidomethyl;MT=Fixed;TA=C;AC=UNIMOD:4	NT=Oxidation;MT=Variable;TA=M;AC=UNIMOD:35	NT=Excision;MT=Variable;TA=M;PP=Protein N-term;AC=UNIMOD:1	NT=Trypsin/P;AC=MS:1001313	mcf7
PXD004701-Sample-85	Homo sapiens	mdamb134vi	not available	not available	cell line	not available	breast cancer	1	not available	not available	cell line	run85	proteomic profiling by mass spectrometry	NT=Data-Independent Acquisition;AC=NCIT:C161786	GUOT_K160125_SW_BR177.wiff	https://ftp.pride.ebi.ac.uk/pride/data/archive/2021/01/PXD004701/GUOT_K160125_SW_BR177	1	1	label free	TripleTOF 5600;AC=MS:1000932	NT=HCD;AC=PRIDE:0000590	not available	20 ppm	20 ppm	NT=Carbamidomethyl;MT=Fixed;TA=C;AC=UNIMOD:4	NT=Oxidation;MT=Variable;TA=M;AC=UNIMOD:35	NT=Excision;MT=Variable;TA=M;PP=Protein N-term;AC=UNIMOD:1	NT=Trypsin/P;AC=MS:1001313	mdamb134vi
PXD004701-Sample-86	Homo sapiens	mdamb134vi	not available	not available	cell line	not available	breast cancer	2	not available	not available	cell line	run86	proteomic profiling by mass spectrometry	NT=Data-Independent Acquisition;AC=NCIT:C161786	GUOT_K160125_SW_BR178.wiff	https://ftp.pride.ebi.ac.uk/pride/data/archive/2021/01/PXD004701/GUOT_K160125_SW_BR178	1	1	label free	TripleTOF 5600;AC=MS:1000932	NT=HCD;AC=PRIDE:0000590	not available	20 ppm	20 ppm	NT=Carbamidomethyl;MT=Fixed;TA=C;AC=UNIMOD:4	NT=Oxidation;MT=Variable;TA=M;AC=UNIMOD:35	NT=Excision;MT=Variable;TA=M;PP=Protein N-term;AC=UNIMOD:1	NT=Trypsin/P;AC=MS:1001313	mdamb134vi
PXD004701-Sample-87	Homo sapiens	mdamb157	not available	not available	cell line	not available	breast cancer	1	not available	not available	cell line	run87	proteomic profiling by mass spectrometry	NT=Data-Independent Acquisition;AC=NCIT:C161786	GUOT_K160125_SW_BR181.wiff	https://ftp.pride.ebi.ac.uk/pride/data/archive/2021/01/PXD004701/GUOT_K160125_SW_BR181	1	1	label free	TripleTOF 5600;AC=MS:1000932	NT=HCD;AC=PRIDE:0000590	not available	20 ppm	20 ppm	NT=Carbamidomethyl;MT=Fixed;TA=C;AC=UNIMOD:4	NT=Oxidation;MT=Variable;TA=M;AC=UNIMOD:35	NT=Excision;MT=Variable;TA=M;PP=Protein N-term;AC=UNIMOD:1	NT=Trypsin/P;AC=MS:1001313	mdamb157
PXD004701-Sample-88	Homo sapiens	mdamb157	not available	not available	cell line	not available	breast cancer	2	not available	not available	cell line	run88	proteomic profiling by mass spectrometry	NT=Data-Independent Acquisition;AC=NCIT:C161786	GUOT_K160125_SW_BR182.wiff	https://ftp.pride.ebi.ac.uk/pride/data/archive/2021/01/PXD004701/GUOT_K160125_SW_BR182	1	1	label free	TripleTOF 5600;AC=MS:1000932	NT=HCD;AC=PRIDE:0000590	not available	20 ppm	20 ppm	NT=Carbamidomethyl;MT=Fixed;TA=C;AC=UNIMOD:4	NT=Oxidation;MT=Variable;TA=M;AC=UNIMOD:35	NT=Excision;MT=Variable;TA=M;PP=Protein N-term;AC=UNIMOD:1	NT=Trypsin/P;AC=MS:1001313	mdamb157
PXD004701-Sample-89	Homo sapiens	mdamb175vii	not available	not available	cell line	not available	breast cancer	1	not available	not available	cell line	run89	proteomic profiling by mass spectrometry	NT=Data-Independent Acquisition;AC=NCIT:C161786	GUOT_K160125_SW_BR185.wiff	https://ftp.pride.ebi.ac.uk/pride/data/archive/2021/01/PXD004701/GUOT_K160125_SW_BR185	1	1	label free	TripleTOF 5600;AC=MS:1000932	NT=HCD;AC=PRIDE:0000590	not available	20 ppm	20 ppm	NT=Carbamidomethyl;MT=Fixed;TA=C;AC=UNIMOD:4	NT=Oxidation;MT=Variable;TA=M;AC=UNIMOD:35	NT=Excision;MT=Variable;TA=M;PP=Protein N-term;AC=UNIMOD:1	NT=Trypsin/P;AC=MS:1001313	mdamb175vii
PXD004701-Sample-90	Homo sapiens	mdamb175vii	not available	not available	cell line	not available	breast cancer	2	not available	not available	cell line	run90	proteomic profiling by mass spectrometry	NT=Data-Independent Acquisition;AC=NCIT:C161786	GUOT_K160125_SW_BR186.wiff	https://ftp.pride.ebi.ac.uk/pride/data/archive/2021/01/PXD004701/GUOT_K160125_SW_BR186	1	1	label free	TripleTOF 5600;AC=MS:1000932	NT=HCD;AC=PRIDE:0000590	not available	20 ppm	20 ppm	NT=Carbamidomethyl;MT=Fixed;TA=C;AC=UNIMOD:4	NT=Oxidation;MT=Variable;TA=M;AC=UNIMOD:35	NT=Excision;MT=Variable;TA=M;PP=Protein N-term;AC=UNIMOD:1	NT=Trypsin/P;AC=MS:1001313	mdamb175vii
PXD004701-Sample-91	Homo sapiens	mdamb231	not available	not available	cell line	not available	breast cancer	1	not available	not available	cell line	run91	proteomic profiling by mass spectrometry	NT=Data-Independent Acquisition;AC=NCIT:C161786	GUOT_K160125_SW_BR189.wiff	https://ftp.pride.ebi.ac.uk/pride/data/archive/2021/01/PXD004701/GUOT_K160125_SW_BR189	1	1	label free	TripleTOF 5600;AC=MS:1000932	NT=HCD;AC=PRIDE:0000590	not available	20 ppm	20 ppm	NT=Carbamidomethyl;MT=Fixed;TA=C;AC=UNIMOD:4	NT=Oxidation;MT=Variable;TA=M;AC=UNIMOD:35	NT=Excision;MT=Variable;TA=M;PP=Protein N-term;AC=UNIMOD:1	NT=Trypsin/P;AC=MS:1001313	mdamb231
PXD004701-Sample-92	Homo sapiens	mdamb231	not available	not available	cell line	not available	breast cancer	2	not available	not available	cell line	run92	proteomic profiling by mass spectrometry	NT=Data-Independent Acquisition;AC=NCIT:C161786	GUOT_K160125_SW_BR190.wiff	https://ftp.pride.ebi.ac.uk/pride/data/archive/2021/01/PXD004701/GUOT_K160125_SW_BR190	1	1	label free	TripleTOF 5600;AC=MS:1000932	NT=HCD;AC=PRIDE:0000590	not available	20 ppm	20 ppm	NT=Carbamidomethyl;MT=Fixed;TA=C;AC=UNIMOD:4	NT=Oxidation;MT=Variable;TA=M;AC=UNIMOD:35	NT=Excision;MT=Variable;TA=M;PP=Protein N-term;AC=UNIMOD:1	NT=Trypsin/P;AC=MS:1001313	mdamb231
PXD004701-Sample-93	Homo sapiens	mdamb330	not available	not available	cell line	not available	breast cancer	1	not available	not available	cell line	run93	proteomic profiling by mass spectrometry	NT=Data-Independent Acquisition;AC=NCIT:C161786	GUOT_K160125_SW_BR193.wiff	https://ftp.pride.ebi.ac.uk/pride/data/archive/2021/01/PXD004701/GUOT_K160125_SW_BR193	1	1	label free	TripleTOF 5600;AC=MS:1000932	NT=HCD;AC=PRIDE:0000590	not available	20 ppm	20 ppm	NT=Carbamidomethyl;MT=Fixed;TA=C;AC=UNIMOD:4	NT=Oxidation;MT=Variable;TA=M;AC=UNIMOD:35	NT=Excision;MT=Variable;TA=M;PP=Protein N-term;AC=UNIMOD:1	NT=Trypsin/P;AC=MS:1001313	mdamb330
PXD004701-Sample-94	Homo sapiens	mdamb330	not available	not available	cell line	not available	breast cancer	2	not available	not available	cell line	run94	proteomic profiling by mass spectrometry	NT=Data-Independent Acquisition;AC=NCIT:C161786	GUOT_K160125_SW_BR194.wiff	https://ftp.pride.ebi.ac.uk/pride/data/archive/2021/01/PXD004701/GUOT_K160125_SW_BR194	1	1	label free	TripleTOF 5600;AC=MS:1000932	NT=HCD;AC=PRIDE:0000590	not available	20 ppm	20 ppm	NT=Carbamidomethyl;MT=Fixed;TA=C;AC=UNIMOD:4	NT=Oxidation;MT=Variable;TA=M;AC=UNIMOD:35	NT=Excision;MT=Variable;TA=M;PP=Protein N-term;AC=UNIMOD:1	NT=Trypsin/P;AC=MS:1001313	mdamb330
PXD004701-Sample-95	Homo sapiens	mdamb361	not available	not available	cell line	not available	breast cancer	1	not available	not available	cell line	run95	proteomic profiling by mass spectrometry	NT=Data-Independent Acquisition;AC=NCIT:C161786	GUOT_K160125_SW_BR197.wiff	https://ftp.pride.ebi.ac.uk/pride/data/archive/2021/01/PXD004701/GUOT_K160125_SW_BR197	1	1	label free	TripleTOF 5600;AC=MS:1000932	NT=HCD;AC=PRIDE:0000590	not available	20 ppm	20 ppm	NT=Carbamidomethyl;MT=Fixed;TA=C;AC=UNIMOD:4	NT=Oxidation;MT=Variable;TA=M;AC=UNIMOD:35	NT=Excision;MT=Variable;TA=M;PP=Protein N-term;AC=UNIMOD:1	NT=Trypsin/P;AC=MS:1001313	mdamb361
PXD004701-Sample-96	Homo sapiens	mdamb361	not available	not available	cell line	not available	breast cancer	2	not available	not available	cell line	run96	proteomic profiling by mass spectrometry	NT=Data-Independent Acquisition;AC=NCIT:C161786	GUOT_K160125_SW_BR198.wiff	https://ftp.pride.ebi.ac.uk/pride/data/archive/2021/01/PXD004701/GUOT_K160125_SW_BR198	1	1	label free	TripleTOF 5600;AC=MS:1000932	NT=HCD;AC=PRIDE:0000590	not available	20 ppm	20 ppm	NT=Carbamidomethyl;MT=Fixed;TA=C;AC=UNIMOD:4	NT=Oxidation;MT=Variable;TA=M;AC=UNIMOD:35	NT=Excision;MT=Variable;TA=M;PP=Protein N-term;AC=UNIMOD:1	NT=Trypsin/P;AC=MS:1001313	mdamb361
PXD004701-Sample-97	Homo sapiens	mdamb415	not available	not available	cell line	not available	breast cancer	1	not available	not available	cell line	run97	proteomic profiling by mass spectrometry	NT=Data-Independent Acquisition;AC=NCIT:C161786	GUOT_K160125_SW_BR201.wiff	https://ftp.pride.ebi.ac.uk/pride/data/archive/2021/01/PXD004701/GUOT_K160125_SW_BR201	1	1	label free	TripleTOF 5600;AC=MS:1000932	NT=HCD;AC=PRIDE:0000590	not available	20 ppm	20 ppm	NT=Carbamidomethyl;MT=Fixed;TA=C;AC=UNIMOD:4	NT=Oxidation;MT=Variable;TA=M;AC=UNIMOD:35	NT=Excision;MT=Variable;TA=M;PP=Protein N-term;AC=UNIMOD:1	NT=Trypsin/P;AC=MS:1001313	mdamb415
PXD004701-Sample-98	Homo sapiens	mdamb415	not available	not available	cell line	not available	breast cancer	2	not available	not available	cell line	run98	proteomic profiling by mass spectrometry	NT=Data-Independent Acquisition;AC=NCIT:C161786	GUOT_K160125_SW_BR202.wiff	https://ftp.pride.ebi.ac.uk/pride/data/archive/2021/01/PXD004701/GUOT_K160125_SW_BR202	1	1	label free	TripleTOF 5600;AC=MS:1000932	NT=HCD;AC=PRIDE:0000590	not available	20 ppm	20 ppm	NT=Carbamidomethyl;MT=Fixed;TA=C;AC=UNIMOD:4	NT=Oxidation;MT=Variable;TA=M;AC=UNIMOD:35	NT=Excision;MT=Variable;TA=M;PP=Protein N-term;AC=UNIMOD:1	NT=Trypsin/P;AC=MS:1001313	mdamb415
PXD004701-Sample-99	Homo sapiens	mdamb436	not available	not available	cell line	not available	breast cancer	1	not available	not available	cell line	run99	proteomic profiling by mass spectrometry	NT=Data-Independent Acquisition;AC=NCIT:C161786	GUOT_K160125_SW_BR205.wiff	https://ftp.pride.ebi.ac.uk/pride/data/archive/2021/01/PXD004701/GUOT_K160125_SW_BR205	1	1	label free	TripleTOF 5600;AC=MS:1000932	NT=HCD;AC=PRIDE:0000590	not available	20 ppm	20 ppm	NT=Carbamidomethyl;MT=Fixed;TA=C;AC=UNIMOD:4	NT=Oxidation;MT=Variable;TA=M;AC=UNIMOD:35	NT=Excision;MT=Variable;TA=M;PP=Protein N-term;AC=UNIMOD:1	NT=Trypsin/P;AC=MS:1001313	mdamb436
PXD004701-Sample-100	Homo sapiens	mdamb436	not available	not available	cell line	not available	breast cancer	2	not available	not available	cell line	run100	proteomic profiling by mass spectrometry	NT=Data-Independent Acquisition;AC=NCIT:C161786	GUOT_K160125_SW_BR206.wiff	https://ftp.pride.ebi.ac.uk/pride/data/archive/2021/01/PXD004701/GUOT_K160125_SW_BR206	1	1	label free	TripleTOF 5600;AC=MS:1000932	NT=HCD;AC=PRIDE:0000590	not available	20 ppm	20 ppm	NT=Carbamidomethyl;MT=Fixed;TA=C;AC=UNIMOD:4	NT=Oxidation;MT=Variable;TA=M;AC=UNIMOD:35	NT=Excision;MT=Variable;TA=M;PP=Protein N-term;AC=UNIMOD:1	NT=Trypsin/P;AC=MS:1001313	mdamb436
PXD004701-Sample-101	Homo sapiens	mdamb453	not available	not available	cell line	not available	breast cancer	1	not available	not available	cell line	run101	proteomic profiling by mass spectrometry	NT=Data-Independent Acquisition;AC=NCIT:C161786	GUOT_K160125_SW_BR209.wiff	https://ftp.pride.ebi.ac.uk/pride/data/archive/2021/01/PXD004701/GUOT_K160125_SW_BR209	1	1	label free	TripleTOF 5600;AC=MS:1000932	NT=HCD;AC=PRIDE:0000590	not available	20 ppm	20 ppm	NT=Carbamidomethyl;MT=Fixed;TA=C;AC=UNIMOD:4	NT=Oxidation;MT=Variable;TA=M;AC=UNIMOD:35	NT=Excision;MT=Variable;TA=M;PP=Protein N-term;AC=UNIMOD:1	NT=Trypsin/P;AC=MS:1001313	mdamb453
PXD004701-Sample-102	Homo sapiens	mdamb453	not available	not available	cell line	not available	breast cancer	2	not available	not available	cell line	run102	proteomic profiling by mass spectrometry	NT=Data-Independent Acquisition;AC=NCIT:C161786	GUOT_K160125_SW_BR210.wiff	https://ftp.pride.ebi.ac.uk/pride/data/archive/2021/01/PXD004701/GUOT_K160125_SW_BR210	1	1	label free	TripleTOF 5600;AC=MS:1000932	NT=HCD;AC=PRIDE:0000590	not available	20 ppm	20 ppm	NT=Carbamidomethyl;MT=Fixed;TA=C;AC=UNIMOD:4	NT=Oxidation;MT=Variable;TA=M;AC=UNIMOD:35	NT=Excision;MT=Variable;TA=M;PP=Protein N-term;AC=UNIMOD:1	NT=Trypsin/P;AC=MS:1001313	mdamb453
PXD004701-Sample-103	Homo sapiens	mdamb468	not available	not available	cell line	not available	breast cancer	1	not available	not available	cell line	run103	proteomic profiling by mass spectrometry	NT=Data-Independent Acquisition;AC=NCIT:C161786	GUOT_K160125_SW_BR213.wiff	https://ftp.pride.ebi.ac.uk/pride/data/archive/2021/01/PXD004701/GUOT_K160125_SW_BR213	1	1	label free	TripleTOF 5600;AC=MS:1000932	NT=HCD;AC=PRIDE:0000590	not available	20 ppm	20 ppm	NT=Carbamidomethyl;MT=Fixed;TA=C;AC=UNIMOD:4	NT=Oxidation;MT=Variable;TA=M;AC=UNIMOD:35	NT=Excision;MT=Variable;TA=M;PP=Protein N-term;AC=UNIMOD:1	NT=Trypsin/P;AC=MS:1001313	mdamb468
PXD004701-Sample-104	Homo sapiens	mdamb468	not available	not available	cell line	not available	breast cancer	2	not available	not available	cell line	run104	proteomic profiling by mass spectrometry	NT=Data-Independent Acquisition;AC=NCIT:C161786	GUOT_K160125_SW_BR214.wiff	https://ftp.pride.ebi.ac.uk/pride/data/archive/2021/01/PXD004701/GUOT_K160125_SW_BR214	1	1	label free	TripleTOF 5600;AC=MS:1000932	NT=HCD;AC=PRIDE:0000590	not available	20 ppm	20 ppm	NT=Carbamidomethyl;MT=Fixed;TA=C;AC=UNIMOD:4	NT=Oxidation;MT=Variable;TA=M;AC=UNIMOD:35	NT=Excision;MT=Variable;TA=M;PP=Protein N-term;AC=UNIMOD:1	NT=Trypsin/P;AC=MS:1001313	mdamb468
PXD004701-Sample-105	Homo sapiens	mfm223	not available	not available	cell line	not available	breast cancer	1	not available	not available	cell line	run105	proteomic profiling by mass spectrometry	NT=Data-Independent Acquisition;AC=NCIT:C161786	GUOT_K160125_SW_BR217.wiff	https://ftp.pride.ebi.ac.uk/pride/data/archive/2021/01/PXD004701/GUOT_K160125_SW_BR217	1	1	label free	TripleTOF 5600;AC=MS:1000932	NT=HCD;AC=PRIDE:0000590	not available	20 ppm	20 ppm	NT=Carbamidomethyl;MT=Fixed;TA=C;AC=UNIMOD:4	NT=Oxidation;MT=Variable;TA=M;AC=UNIMOD:35	NT=Excision;MT=Variable;TA=M;PP=Protein N-term;AC=UNIMOD:1	NT=Trypsin/P;AC=MS:1001313	mfm223
PXD004701-Sample-106	Homo sapiens	mfm223	not available	not available	cell line	not available	breast cancer	2	not available	not available	cell line	run106	proteomic profiling by mass spectrometry	NT=Data-Independent Acquisition;AC=NCIT:C161786	GUOT_K160125_SW_BR218.wiff	https://ftp.pride.ebi.ac.uk/pride/data/archive/2021/01/PXD004701/GUOT_K160125_SW_BR218	1	1	label free	TripleTOF 5600;AC=MS:1000932	NT=HCD;AC=PRIDE:0000590	not available	20 ppm	20 ppm	NT=Carbamidomethyl;MT=Fixed;TA=C;AC=UNIMOD:4	NT=Oxidation;MT=Variable;TA=M;AC=UNIMOD:35	NT=Excision;MT=Variable;TA=M;PP=Protein N-term;AC=UNIMOD:1	NT=Trypsin/P;AC=MS:1001313	mfm223
PXD004701-Sample-107	Homo sapiens	mx1	not available	not available	cell line	not available	breast cancer	1	not available	not available	cell line	run107	proteomic profiling by mass spectrometry	NT=Data-Independent Acquisition;AC=NCIT:C161786	GUOT_K160125_SW_BR221.wiff	https://ftp.pride.ebi.ac.uk/pride/data/archive/2021/01/PXD004701/GUOT_K160125_SW_BR221	1	1	label free	TripleTOF 5600;AC=MS:1000932	NT=HCD;AC=PRIDE:0000590	not available	20 ppm	20 ppm	NT=Carbamidomethyl;MT=Fixed;TA=C;AC=UNIMOD:4	NT=Oxidation;MT=Variable;TA=M;AC=UNIMOD:35	NT=Excision;MT=Variable;TA=M;PP=Protein N-term;AC=UNIMOD:1	NT=Trypsin/P;AC=MS:1001313	mx1
PXD004701-Sample-108	Homo sapiens	mx1	not available	not available	cell line	not available	breast cancer	2	not available	not available	cell line	run108	proteomic profiling by mass spectrometry	NT=Data-Independent Acquisition;AC=NCIT:C161786	GUOT_K160125_SW_BR222.wiff	https://ftp.pride.ebi.ac.uk/pride/data/archive/2021/01/PXD004701/GUOT_K160125_SW_BR222	1	1	label free	TripleTOF 5600;AC=MS:1000932	NT=HCD;AC=PRIDE:0000590	not available	20 ppm	20 ppm	NT=Carbamidomethyl;MT=Fixed;TA=C;AC=UNIMOD:4	NT=Oxidation;MT=Variable;TA=M;AC=UNIMOD:35	NT=Excision;MT=Variable;TA=M;PP=Protein N-term;AC=UNIMOD:1	NT=Trypsin/P;AC=MS:1001313	mx1
PXD004701-Sample-109	Homo sapiens	ocubm	not available	not available	cell line	not available	breast cancer	1	not available	not available	cell line	run109	proteomic profiling by mass spectrometry	NT=Data-Independent Acquisition;AC=NCIT:C161786	GUOT_K160125_SW_BR225.wiff	https://ftp.pride.ebi.ac.uk/pride/data/archive/2021/01/PXD004701/GUOT_K160125_SW_BR225	1	1	label free	TripleTOF 5600;AC=MS:1000932	NT=HCD;AC=PRIDE:0000590	not available	20 ppm	20 ppm	NT=Carbamidomethyl;MT=Fixed;TA=C;AC=UNIMOD:4	NT=Oxidation;MT=Variable;TA=M;AC=UNIMOD:35	NT=Excision;MT=Variable;TA=M;PP=Protein N-term;AC=UNIMOD:1	NT=Trypsin/P;AC=MS:1001313	ocubm
PXD004701-Sample-110	Homo sapiens	ocubm	not available	not available	cell line	not available	breast cancer	2	not available	not available	cell line	run110	proteomic profiling by mass spectrometry	NT=Data-Independent Acquisition;AC=NCIT:C161786	GUOT_K160125_SW_BR226.wiff	https://ftp.pride.ebi.ac.uk/pride/data/archive/2021/01/PXD004701/GUOT_K160125_SW_BR226	1	1	label free	TripleTOF 5600;AC=MS:1000932	NT=HCD;AC=PRIDE:0000590	not available	20 ppm	20 ppm	NT=Carbamidomethyl;MT=Fixed;TA=C;AC=UNIMOD:4	NT=Oxidation;MT=Variable;TA=M;AC=UNIMOD:35	NT=Excision;MT=Variable;TA=M;PP=Protein N-term;AC=UNIMOD:1	NT=Trypsin/P;AC=MS:1001313	ocubm
PXD004701-Sample-111	Homo sapiens	skbr3	not available	not available	cell line	not available	breast cancer	1	not available	not available	cell line	run111	proteomic profiling by mass spectrometry	NT=Data-Independent Acquisition;AC=NCIT:C161786	GUOT_L160226_BR153.wiff	https://ftp.pride.ebi.ac.uk/pride/data/archive/2021/01/PXD004701/GUOT_L160226_BR153	1	1	label free	TripleTOF 5600;AC=MS:1000932	NT=HCD;AC=PRIDE:0000590	not available	20 ppm	20 ppm	NT=Carbamidomethyl;MT=Fixed;TA=C;AC=UNIMOD:4	NT=Oxidation;MT=Variable;TA=M;AC=UNIMOD:35	NT=Excision;MT=Variable;TA=M;PP=Protein N-term;AC=UNIMOD:1	NT=Trypsin/P;AC=MS:1001313	skbr3
PXD004701-Sample-112	Homo sapiens	skbr3	not available	not available	cell line	not available	breast cancer	2	not available	not available	cell line	run112	proteomic profiling by mass spectrometry	NT=Data-Independent Acquisition;AC=NCIT:C161786	GUOT_L160226_BR154.wiff	https://ftp.pride.ebi.ac.uk/pride/data/archive/2021/01/PXD004701/GUOT_L160226_BR154	1	1	label free	TripleTOF 5600;AC=MS:1000932	NT=HCD;AC=PRIDE:0000590	not available	20 ppm	20 ppm	NT=Carbamidomethyl;MT=Fixed;TA=C;AC=UNIMOD:4	NT=Oxidation;MT=Variable;TA=M;AC=UNIMOD:35	NT=Excision;MT=Variable;TA=M;PP=Protein N-term;AC=UNIMOD:1	NT=Trypsin/P;AC=MS:1001313	skbr3
PXD004701-Sample-113	Homo sapiens	skbr5	not available	not available	cell line	not available	breast cancer	1	not available	not available	cell line	run113	proteomic profiling by mass spectrometry	NT=Data-Independent Acquisition;AC=NCIT:C161786	GUOT_L160226_BR157.wiff	https://ftp.pride.ebi.ac.uk/pride/data/archive/2021/01/PXD004701/GUOT_L160226_BR157	1	1	label free	TripleTOF 5600;AC=MS:1000932	NT=HCD;AC=PRIDE:0000590	not available	20 ppm	20 ppm	NT=Carbamidomethyl;MT=Fixed;TA=C;AC=UNIMOD:4	NT=Oxidation;MT=Variable;TA=M;AC=UNIMOD:35	NT=Excision;MT=Variable;TA=M;PP=Protein N-term;AC=UNIMOD:1	NT=Trypsin/P;AC=MS:1001313	skbr5
PXD004701-Sample-114	Homo sapiens	skbr5	not available	not available	cell line	not available	breast cancer	2	not available	not available	cell line	run114	proteomic profiling by mass spectrometry	NT=Data-Independent Acquisition;AC=NCIT:C161786	GUOT_L160226_BR158.wiff	https://ftp.pride.ebi.ac.uk/pride/data/archive/2021/01/PXD004701/GUOT_L160226_BR158	1	1	label free	TripleTOF 5600;AC=MS:1000932	NT=HCD;AC=PRIDE:0000590	not available	20 ppm	20 ppm	NT=Carbamidomethyl;MT=Fixed;TA=C;AC=UNIMOD:4	NT=Oxidation;MT=Variable;TA=M;AC=UNIMOD:35	NT=Excision;MT=Variable;TA=M;PP=Protein N-term;AC=UNIMOD:1	NT=Trypsin/P;AC=MS:1001313	skbr5
PXD004701-Sample-115	Homo sapiens	skbr7	not available	not available	cell line	not available	breast cancer	1	not available	not available	cell line	run115	proteomic profiling by mass spectrometry	NT=Data-Independent Acquisition;AC=NCIT:C161786	GUOT_L160226_BR161.wiff	https://ftp.pride.ebi.ac.uk/pride/data/archive/2021/01/PXD004701/GUOT_L160226_BR161	1	1	label free	TripleTOF 5600;AC=MS:1000932	NT=HCD;AC=PRIDE:0000590	not available	20 ppm	20 ppm	NT=Carbamidomethyl;MT=Fixed;TA=C;AC=UNIMOD:4	NT=Oxidation;MT=Variable;TA=M;AC=UNIMOD:35	NT=Excision;MT=Variable;TA=M;PP=Protein N-term;AC=UNIMOD:1	NT=Trypsin/P;AC=MS:1001313	skbr7
PXD004701-Sample-116	Homo sapiens	skbr7	not available	not available	cell line	not available	breast cancer	2	not available	not available	cell line	run116	proteomic profiling by mass spectrometry	NT=Data-Independent Acquisition;AC=NCIT:C161786	GUOT_L160226_BR162.wiff	https://ftp.pride.ebi.ac.uk/pride/data/archive/2021/01/PXD004701/GUOT_L160226_BR162	1	1	label free	TripleTOF 5600;AC=MS:1000932	NT=HCD;AC=PRIDE:0000590	not available	20 ppm	20 ppm	NT=Carbamidomethyl;MT=Fixed;TA=C;AC=UNIMOD:4	NT=Oxidation;MT=Variable;TA=M;AC=UNIMOD:35	NT=Excision;MT=Variable;TA=M;PP=Protein N-term;AC=UNIMOD:1	NT=Trypsin/P;AC=MS:1001313	skbr7
PXD004701-Sample-117	Homo sapiens	sum102	not available	not available	cell line	not available	breast cancer	1	not available	not available	cell line	run117	proteomic profiling by mass spectrometry	NT=Data-Independent Acquisition;AC=NCIT:C161786	GUOT_L160226_BR165.wiff	https://ftp.pride.ebi.ac.uk/pride/data/archive/2021/01/PXD004701/GUOT_L160226_BR165	1	1	label free	TripleTOF 5600;AC=MS:1000932	NT=HCD;AC=PRIDE:0000590	not available	20 ppm	20 ppm	NT=Carbamidomethyl;MT=Fixed;TA=C;AC=UNIMOD:4	NT=Oxidation;MT=Variable;TA=M;AC=UNIMOD:35	NT=Excision;MT=Variable;TA=M;PP=Protein N-term;AC=UNIMOD:1	NT=Trypsin/P;AC=MS:1001313	sum102
PXD004701-Sample-118	Homo sapiens	sum102	not available	not available	cell line	not available	breast cancer	2	not available	not available	cell line	run118	proteomic profiling by mass spectrometry	NT=Data-Independent Acquisition;AC=NCIT:C161786	GUOT_L160226_BR166.wiff	https://ftp.pride.ebi.ac.uk/pride/data/archive/2021/01/PXD004701/GUOT_L160226_BR166	1	1	label free	TripleTOF 5600;AC=MS:1000932	NT=HCD;AC=PRIDE:0000590	not available	20 ppm	20 ppm	NT=Carbamidomethyl;MT=Fixed;TA=C;AC=UNIMOD:4	NT=Oxidation;MT=Variable;TA=M;AC=UNIMOD:35	NT=Excision;MT=Variable;TA=M;PP=Protein N-term;AC=UNIMOD:1	NT=Trypsin/P;AC=MS:1001313	sum102
PXD004701-Sample-119	Homo sapiens	sum149	not available	not available	cell line	not available	breast cancer	1	not available	not available	cell line	run119	proteomic profiling by mass spectrometry	NT=Data-Independent Acquisition;AC=NCIT:C161786	GUOT_L160226_BR169.wiff	https://ftp.pride.ebi.ac.uk/pride/data/archive/2021/01/PXD004701/GUOT_L160226_BR169	1	1	label free	TripleTOF 5600;AC=MS:1000932	NT=HCD;AC=PRIDE:0000590	not available	20 ppm	20 ppm	NT=Carbamidomethyl;MT=Fixed;TA=C;AC=UNIMOD:4	NT=Oxidation;MT=Variable;TA=M;AC=UNIMOD:35	NT=Excision;MT=Variable;TA=M;PP=Protein N-term;AC=UNIMOD:1	NT=Trypsin/P;AC=MS:1001313	sum149
PXD004701-Sample-120	Homo sapiens	sum149	not available	not available	cell line	not available	breast cancer	2	not available	not available	cell line	run120	proteomic profiling by mass spectrometry	NT=Data-Independent Acquisition;AC=NCIT:C161786	GUOT_L160226_BR170.wiff	https://ftp.pride.ebi.ac.uk/pride/data/archive/2021/01/PXD004701/GUOT_L160226_BR170	1	1	label free	TripleTOF 5600;AC=MS:1000932	NT=HCD;AC=PRIDE:0000590	not available	20 ppm	20 ppm	NT=Carbamidomethyl;MT=Fixed;TA=C;AC=UNIMOD:4	NT=Oxidation;MT=Variable;TA=M;AC=UNIMOD:35	NT=Excision;MT=Variable;TA=M;PP=Protein N-term;AC=UNIMOD:1	NT=Trypsin/P;AC=MS:1001313	sum149
PXD004701-Sample-121	Homo sapiens	sum159	not available	not available	cell line	not available	breast cancer	1	not available	not available	cell line	run121	proteomic profiling by mass spectrometry	NT=Data-Independent Acquisition;AC=NCIT:C161786	GUOT_L160226_BR173.wiff	https://ftp.pride.ebi.ac.uk/pride/data/archive/2021/01/PXD004701/GUOT_L160226_BR173	1	1	label free	TripleTOF 5600;AC=MS:1000932	NT=HCD;AC=PRIDE:0000590	not available	20 ppm	20 ppm	NT=Carbamidomethyl;MT=Fixed;TA=C;AC=UNIMOD:4	NT=Oxidation;MT=Variable;TA=M;AC=UNIMOD:35	NT=Excision;MT=Variable;TA=M;PP=Protein N-term;AC=UNIMOD:1	NT=Trypsin/P;AC=MS:1001313	sum159
PXD004701-Sample-122	Homo sapiens	sum159	not available	not available	cell line	not available	breast cancer	2	not available	not available	cell line	run122	proteomic profiling by mass spectrometry	NT=Data-Independent Acquisition;AC=NCIT:C161786	GUOT_L160226_BR174.wiff	https://ftp.pride.ebi.ac.uk/pride/data/archive/2021/01/PXD004701/GUOT_L160226_BR174	1	1	label free	TripleTOF 5600;AC=MS:1000932	NT=HCD;AC=PRIDE:0000590	not available	20 ppm	20 ppm	NT=Carbamidomethyl;MT=Fixed;TA=C;AC=UNIMOD:4	NT=Oxidation;MT=Variable;TA=M;AC=UNIMOD:35	NT=Excision;MT=Variable;TA=M;PP=Protein N-term;AC=UNIMOD:1	NT=Trypsin/P;AC=MS:1001313	sum159
PXD004701-Sample-123	Homo sapiens	sum185	not available	not available	cell line	not available	breast cancer	1	not available	not available	cell line	run123	proteomic profiling by mass spectrometry	NT=Data-Independent Acquisition;AC=NCIT:C161786	GUOT_L160226_BR177.wiff	https://ftp.pride.ebi.ac.uk/pride/data/archive/2021/01/PXD004701/GUOT_L160226_BR177	1	1	label free	TripleTOF 5600;AC=MS:1000932	NT=HCD;AC=PRIDE:0000590	not available	20 ppm	20 ppm	NT=Carbamidomethyl;MT=Fixed;TA=C;AC=UNIMOD:4	NT=Oxidation;MT=Variable;TA=M;AC=UNIMOD:35	NT=Excision;MT=Variable;TA=M;PP=Protein N-term;AC=UNIMOD:1	NT=Trypsin/P;AC=MS:1001313	sum185
PXD004701-Sample-124	Homo sapiens	sum185	not available	not available	cell line	not available	breast cancer	2	not available	not available	cell line	run124	proteomic profiling by mass spectrometry	NT=Data-Independent Acquisition;AC=NCIT:C161786	GUOT_L160226_BR178.wiff	https://ftp.pride.ebi.ac.uk/pride/data/archive/2021/01/PXD004701/GUOT_L160226_BR178	1	1	label free	TripleTOF 5600;AC=MS:1000932	NT=HCD;AC=PRIDE:0000590	not available	20 ppm	20 ppm	NT=Carbamidomethyl;MT=Fixed;TA=C;AC=UNIMOD:4	NT=Oxidation;MT=Variable;TA=M;AC=UNIMOD:35	NT=Excision;MT=Variable;TA=M;PP=Protein N-term;AC=UNIMOD:1	NT=Trypsin/P;AC=MS:1001313	sum185
PXD004701-Sample-125	Homo sapiens	sum190	not available	not available	cell line	not available	breast cancer	1	not available	not available	cell line	run125	proteomic profiling by mass spectrometry	NT=Data-Independent Acquisition;AC=NCIT:C161786	GUOT_L160226_BR181.wiff	https://ftp.pride.ebi.ac.uk/pride/data/archive/2021/01/PXD004701/GUOT_L160226_BR181	1	1	label free	TripleTOF 5600;AC=MS:1000932	NT=HCD;AC=PRIDE:0000590	not available	20 ppm	20 ppm	NT=Carbamidomethyl;MT=Fixed;TA=C;AC=UNIMOD:4	NT=Oxidation;MT=Variable;TA=M;AC=UNIMOD:35	NT=Excision;MT=Variable;TA=M;PP=Protein N-term;AC=UNIMOD:1	NT=Trypsin/P;AC=MS:1001313	sum190
PXD004701-Sample-126	Homo sapiens	sum190	not available	not available	cell line	not available	breast cancer	2	not available	not available	cell line	run126	proteomic profiling by mass spectrometry	NT=Data-Independent Acquisition;AC=NCIT:C161786	GUOT_L160226_BR182.wiff	https://ftp.pride.ebi.ac.uk/pride/data/archive/2021/01/PXD004701/GUOT_L160226_BR182	1	1	label free	TripleTOF 5600;AC=MS:1000932	NT=HCD;AC=PRIDE:0000590	not available	20 ppm	20 ppm	NT=Carbamidomethyl;MT=Fixed;TA=C;AC=UNIMOD:4	NT=Oxidation;MT=Variable;TA=M;AC=UNIMOD:35	NT=Excision;MT=Variable;TA=M;PP=Protein N-term;AC=UNIMOD:1	NT=Trypsin/P;AC=MS:1001313	sum190
PXD004701-Sample-127	Homo sapiens	sum225	not available	not available	cell line	not available	breast cancer	1	not available	not available	cell line	run127	proteomic profiling by mass spectrometry	NT=Data-Independent Acquisition;AC=NCIT:C161786	GUOT_L160226_BR185.wiff	https://ftp.pride.ebi.ac.uk/pride/data/archive/2021/01/PXD004701/GUOT_L160226_BR185	1	1	label free	TripleTOF 5600;AC=MS:1000932	NT=HCD;AC=PRIDE:0000590	not available	20 ppm	20 ppm	NT=Carbamidomethyl;MT=Fixed;TA=C;AC=UNIMOD:4	NT=Oxidation;MT=Variable;TA=M;AC=UNIMOD:35	NT=Excision;MT=Variable;TA=M;PP=Protein N-term;AC=UNIMOD:1	NT=Trypsin/P;AC=MS:1001313	sum225
PXD004701-Sample-128	Homo sapiens	sum225	not available	not available	cell line	not available	breast cancer	2	not available	not available	cell line	run128	proteomic profiling by mass spectrometry	NT=Data-Independent Acquisition;AC=NCIT:C161786	GUOT_L160226_BR186.wiff	https://ftp.pride.ebi.ac.uk/pride/data/archive/2021/01/PXD004701/GUOT_L160226_BR186	1	1	label free	TripleTOF 5600;AC=MS:1000932	NT=HCD;AC=PRIDE:0000590	not available	20 ppm	20 ppm	NT=Carbamidomethyl;MT=Fixed;TA=C;AC=UNIMOD:4	NT=Oxidation;MT=Variable;TA=M;AC=UNIMOD:35	NT=Excision;MT=Variable;TA=M;PP=Protein N-term;AC=UNIMOD:1	NT=Trypsin/P;AC=MS:1001313	sum225
PXD004701-Sample-129	Homo sapiens	sum229	not available	not available	cell line	not available	breast cancer	1	not available	not available	cell line	run129	proteomic profiling by mass spectrometry	NT=Data-Independent Acquisition;AC=NCIT:C161786	GUOT_L160226_BR189.wiff	https://ftp.pride.ebi.ac.uk/pride/data/archive/2021/01/PXD004701/GUOT_L160226_BR189	1	1	label free	TripleTOF 5600;AC=MS:1000932	NT=HCD;AC=PRIDE:0000590	not available	20 ppm	20 ppm	NT=Carbamidomethyl;MT=Fixed;TA=C;AC=UNIMOD:4	NT=Oxidation;MT=Variable;TA=M;AC=UNIMOD:35	NT=Excision;MT=Variable;TA=M;PP=Protein N-term;AC=UNIMOD:1	NT=Trypsin/P;AC=MS:1001313	sum229
PXD004701-Sample-130	Homo sapiens	sum229	not available	not available	cell line	not available	breast cancer	2	not available	not available	cell line	run130	proteomic profiling by mass spectrometry	NT=Data-Independent Acquisition;AC=NCIT:C161786	GUOT_L160226_BR190.wiff	https://ftp.pride.ebi.ac.uk/pride/data/archive/2021/01/PXD004701/GUOT_L160226_BR190	1	1	label free	TripleTOF 5600;AC=MS:1000932	NT=HCD;AC=PRIDE:0000590	not available	20 ppm	20 ppm	NT=Carbamidomethyl;MT=Fixed;TA=C;AC=UNIMOD:4	NT=Oxidation;MT=Variable;TA=M;AC=UNIMOD:35	NT=Excision;MT=Variable;TA=M;PP=Protein N-term;AC=UNIMOD:1	NT=Trypsin/P;AC=MS:1001313	sum229
PXD004701-Sample-131	Homo sapiens	sum44	not available	not available	cell line	not available	breast cancer	1	not available	not available	cell line	run131	proteomic profiling by mass spectrometry	NT=Data-Independent Acquisition;AC=NCIT:C161786	GUOT_L160226_BR193.wiff	https://ftp.pride.ebi.ac.uk/pride/data/archive/2021/01/PXD004701/GUOT_L160226_BR193	1	1	label free	TripleTOF 5600;AC=MS:1000932	NT=HCD;AC=PRIDE:0000590	not available	20 ppm	20 ppm	NT=Carbamidomethyl;MT=Fixed;TA=C;AC=UNIMOD:4	NT=Oxidation;MT=Variable;TA=M;AC=UNIMOD:35	NT=Excision;MT=Variable;TA=M;PP=Protein N-term;AC=UNIMOD:1	NT=Trypsin/P;AC=MS:1001313	sum44
PXD004701-Sample-132	Homo sapiens	sum44	not available	not available	cell line	not available	breast cancer	2	not available	not available	cell line	run132	proteomic profiling by mass spectrometry	NT=Data-Independent Acquisition;AC=NCIT:C161786	GUOT_L160226_BR194.wiff	https://ftp.pride.ebi.ac.uk/pride/data/archive/2021/01/PXD004701/GUOT_L160226_BR194	1	1	label free	TripleTOF 5600;AC=MS:1000932	NT=HCD;AC=PRIDE:0000590	not available	20 ppm	20 ppm	NT=Carbamidomethyl;MT=Fixed;TA=C;AC=UNIMOD:4	NT=Oxidation;MT=Variable;TA=M;AC=UNIMOD:35	NT=Excision;MT=Variable;TA=M;PP=Protein N-term;AC=UNIMOD:1	NT=Trypsin/P;AC=MS:1001313	sum44
PXD004701-Sample-133	Homo sapiens	sum52	not available	not available	cell line	not available	breast cancer	1	not available	not available	cell line	run133	proteomic profiling by mass spectrometry	NT=Data-Independent Acquisition;AC=NCIT:C161786	GUOT_L160226_BR197.wiff	https://ftp.pride.ebi.ac.uk/pride/data/archive/2021/01/PXD004701/GUOT_L160226_BR197	1	1	label free	TripleTOF 5600;AC=MS:1000932	NT=HCD;AC=PRIDE:0000590	not available	20 ppm	20 ppm	NT=Carbamidomethyl;MT=Fixed;TA=C;AC=UNIMOD:4	NT=Oxidation;MT=Variable;TA=M;AC=UNIMOD:35	NT=Excision;MT=Variable;TA=M;PP=Protein N-term;AC=UNIMOD:1	NT=Trypsin/P;AC=MS:1001313	sum52
PXD004701-Sample-134	Homo sapiens	sum52	not available	not available	cell line	not available	breast cancer	2	not available	not available	cell line	run134	proteomic profiling by mass spectrometry	NT=Data-Independent Acquisition;AC=NCIT:C161786	GUOT_L160226_BR198.wiff	https://ftp.pride.ebi.ac.uk/pride/data/archive/2021/01/PXD004701/GUOT_L160226_BR198	1	1	label free	TripleTOF 5600;AC=MS:1000932	NT=HCD;AC=PRIDE:0000590	not available	20 ppm	20 ppm	NT=Carbamidomethyl;MT=Fixed;TA=C;AC=UNIMOD:4	NT=Oxidation;MT=Variable;TA=M;AC=UNIMOD:35	NT=Excision;MT=Variable;TA=M;PP=Protein N-term;AC=UNIMOD:1	NT=Trypsin/P;AC=MS:1001313	sum52
PXD004701-Sample-135	Homo sapiens	sw527	not available	not available	cell line	not available	breast cancer	1	not available	not available	cell line	run135	proteomic profiling by mass spectrometry	NT=Data-Independent Acquisition;AC=NCIT:C161786	GUOT_L160226_BR201.wiff	https://ftp.pride.ebi.ac.uk/pride/data/archive/2021/01/PXD004701/GUOT_L160226_BR201	1	1	label free	TripleTOF 5600;AC=MS:1000932	NT=HCD;AC=PRIDE:0000590	not available	20 ppm	20 ppm	NT=Carbamidomethyl;MT=Fixed;TA=C;AC=UNIMOD:4	NT=Oxidation;MT=Variable;TA=M;AC=UNIMOD:35	NT=Excision;MT=Variable;TA=M;PP=Protein N-term;AC=UNIMOD:1	NT=Trypsin/P;AC=MS:1001313	sw527
PXD004701-Sample-136	Homo sapiens	sw527	not available	not available	cell line	not available	breast cancer	2	not available	not available	cell line	run136	proteomic profiling by mass spectrometry	NT=Data-Independent Acquisition;AC=NCIT:C161786	GUOT_L160226_BR202.wiff	https://ftp.pride.ebi.ac.uk/pride/data/archive/2021/01/PXD004701/GUOT_L160226_BR202	1	1	label free	TripleTOF 5600;AC=MS:1000932	NT=HCD;AC=PRIDE:0000590	not available	20 ppm	20 ppm	NT=Carbamidomethyl;MT=Fixed;TA=C;AC=UNIMOD:4	NT=Oxidation;MT=Variable;TA=M;AC=UNIMOD:35	NT=Excision;MT=Variable;TA=M;PP=Protein N-term;AC=UNIMOD:1	NT=Trypsin/P;AC=MS:1001313	sw527
PXD004701-Sample-137	Homo sapiens	t47d	not available	not available	cell line	not available	breast cancer	1	not available	not available	cell line	run137	proteomic profiling by mass spectrometry	NT=Data-Independent Acquisition;AC=NCIT:C161786	GUOT_L160226_BR205.wiff	https://ftp.pride.ebi.ac.uk/pride/data/archive/2021/01/PXD004701/GUOT_L160226_BR205	1	1	label free	TripleTOF 5600;AC=MS:1000932	NT=HCD;AC=PRIDE:0000590	not available	20 ppm	20 ppm	NT=Carbamidomethyl;MT=Fixed;TA=C;AC=UNIMOD:4	NT=Oxidation;MT=Variable;TA=M;AC=UNIMOD:35	NT=Excision;MT=Variable;TA=M;PP=Protein N-term;AC=UNIMOD:1	NT=Trypsin/P;AC=MS:1001313	t47d
PXD004701-Sample-138	Homo sapiens	t47d	not available	not available	cell line	not available	breast cancer	2	not available	not available	cell line	run138	proteomic profiling by mass spectrometry	NT=Data-Independent Acquisition;AC=NCIT:C161786	GUOT_L160226_BR206.wiff	https://ftp.pride.ebi.ac.uk/pride/data/archive/2021/01/PXD004701/GUOT_L160226_BR206	1	1	label free	TripleTOF 5600;AC=MS:1000932	NT=HCD;AC=PRIDE:0000590	not available	20 ppm	20 ppm	NT=Carbamidomethyl;MT=Fixed;TA=C;AC=UNIMOD:4	NT=Oxidation;MT=Variable;TA=M;AC=UNIMOD:35	NT=Excision;MT=Variable;TA=M;PP=Protein N-term;AC=UNIMOD:1	NT=Trypsin/P;AC=MS:1001313	t47d
PXD004701-Sample-139	Homo sapiens	uacc3199	not available	not available	cell line	not available	breast cancer	1	not available	not available	cell line	run139	proteomic profiling by mass spectrometry	NT=Data-Independent Acquisition;AC=NCIT:C161786	GUOT_L160226_BR209.wiff	https://ftp.pride.ebi.ac.uk/pride/data/archive/2021/01/PXD004701/GUOT_L160226_BR209	1	1	label free	TripleTOF 5600;AC=MS:1000932	NT=HCD;AC=PRIDE:0000590	not available	20 ppm	20 ppm	NT=Carbamidomethyl;MT=Fixed;TA=C;AC=UNIMOD:4	NT=Oxidation;MT=Variable;TA=M;AC=UNIMOD:35	NT=Excision;MT=Variable;TA=M;PP=Protein N-term;AC=UNIMOD:1	NT=Trypsin/P;AC=MS:1001313	uacc3199
PXD004701-Sample-140	Homo sapiens	uacc3199	not available	not available	cell line	not available	breast cancer	2	not available	not available	cell line	run140	proteomic profiling by mass spectrometry	NT=Data-Independent Acquisition;AC=NCIT:C161786	GUOT_L160226_BR210.wiff	https://ftp.pride.ebi.ac.uk/pride/data/archive/2021/01/PXD004701/GUOT_L160226_BR210	1	1	label free	TripleTOF 5600;AC=MS:1000932	NT=HCD;AC=PRIDE:0000590	not available	20 ppm	20 ppm	NT=Carbamidomethyl;MT=Fixed;TA=C;AC=UNIMOD:4	NT=Oxidation;MT=Variable;TA=M;AC=UNIMOD:35	NT=Excision;MT=Variable;TA=M;PP=Protein N-term;AC=UNIMOD:1	NT=Trypsin/P;AC=MS:1001313	uacc3199
PXD004701-Sample-141	Homo sapiens	uacc893	not available	not available	cell line	not available	breast cancer	1	not available	not available	cell line	run141	proteomic profiling by mass spectrometry	NT=Data-Independent Acquisition;AC=NCIT:C161786	GUOT_L160226_BR213.wiff	https://ftp.pride.ebi.ac.uk/pride/data/archive/2021/01/PXD004701/GUOT_L160226_BR213	1	1	label free	TripleTOF 5600;AC=MS:1000932	NT=HCD;AC=PRIDE:0000590	not available	20 ppm	20 ppm	NT=Carbamidomethyl;MT=Fixed;TA=C;AC=UNIMOD:4	NT=Oxidation;MT=Variable;TA=M;AC=UNIMOD:35	NT=Excision;MT=Variable;TA=M;PP=Protein N-term;AC=UNIMOD:1	NT=Trypsin/P;AC=MS:1001313	uacc893
PXD004701-Sample-142	Homo sapiens	uacc893	not available	not available	cell line	not available	breast cancer	2	not available	not available	cell line	run142	proteomic profiling by mass spectrometry	NT=Data-Independent Acquisition;AC=NCIT:C161786	GUOT_L160226_BR214.wiff	https://ftp.pride.ebi.ac.uk/pride/data/archive/2021/01/PXD004701/GUOT_L160226_BR214	1	1	label free	TripleTOF 5600;AC=MS:1000932	NT=HCD;AC=PRIDE:0000590	not available	20 ppm	20 ppm	NT=Carbamidomethyl;MT=Fixed;TA=C;AC=UNIMOD:4	NT=Oxidation;MT=Variable;TA=M;AC=UNIMOD:35	NT=Excision;MT=Variable;TA=M;PP=Protein N-term;AC=UNIMOD:1	NT=Trypsin/P;AC=MS:1001313	uacc893
PXD004701-Sample-143	Homo sapiens	zr751	not available	not available	cell line	not available	breast cancer	1	not available	not available	cell line	run143	proteomic profiling by mass spectrometry	NT=Data-Independent Acquisition;AC=NCIT:C161786	GUOT_L160226_BR217.wiff	https://ftp.pride.ebi.ac.uk/pride/data/archive/2021/01/PXD004701/GUOT_L160226_BR217	1	1	label free	TripleTOF 5600;AC=MS:1000932	NT=HCD;AC=PRIDE:0000590	not available	20 ppm	20 ppm	NT=Carbamidomethyl;MT=Fixed;TA=C;AC=UNIMOD:4	NT=Oxidation;MT=Variable;TA=M;AC=UNIMOD:35	NT=Excision;MT=Variable;TA=M;PP=Protein N-term;AC=UNIMOD:1	NT=Trypsin/P;AC=MS:1001313	zr751
PXD004701-Sample-144	Homo sapiens	zr751	not available	not available	cell line	not available	breast cancer	2	not available	not available	cell line	run144	proteomic profiling by mass spectrometry	NT=Data-Independent Acquisition;AC=NCIT:C161786	GUOT_L160226_BR218.wiff	https://ftp.pride.ebi.ac.uk/pride/data/archive/2021/01/PXD004701/GUOT_L160226_BR218	1	1	label free	TripleTOF 5600;AC=MS:1000932	NT=HCD;AC=PRIDE:0000590	not available	20 ppm	20 ppm	NT=Carbamidomethyl;MT=Fixed;TA=C;AC=UNIMOD:4	NT=Oxidation;MT=Variable;TA=M;AC=UNIMOD:35	NT=Excision;MT=Variable;TA=M;PP=Protein N-term;AC=UNIMOD:1	NT=Trypsin/P;AC=MS:1001313	zr751
PXD004701-Sample-145	Homo sapiens	zr7530	not available	not available	cell line	not available	breast cancer	1	not available	not available	cell line	run145	proteomic profiling by mass spectrometry	NT=Data-Independent Acquisition;AC=NCIT:C161786	GUOT_L160226_BR221.wiff	https://ftp.pride.ebi.ac.uk/pride/data/archive/2021/01/PXD004701/GUOT_L160226_BR221	1	1	label free	TripleTOF 5600;AC=MS:1000932	NT=HCD;AC=PRIDE:0000590	not available	20 ppm	20 ppm	NT=Carbamidomethyl;MT=Fixed;TA=C;AC=UNIMOD:4	NT=Oxidation;MT=Variable;TA=M;AC=UNIMOD:35	NT=Excision;MT=Variable;TA=M;PP=Protein N-term;AC=UNIMOD:1	NT=Trypsin/P;AC=MS:1001313	zr7530
PXD004701-Sample-146	Homo sapiens	zr7530	not available	not available	cell line	not available	breast cancer	2	not available	not available	cell line	run146	proteomic profiling by mass spectrometry	NT=Data-Independent Acquisition;AC=NCIT:C161786	GUOT_L160226_BR222.wiff	https://ftp.pride.ebi.ac.uk/pride/data/archive/2021/01/PXD004701/GUOT_L160226_BR222	1	1	label free	TripleTOF 5600;AC=MS:1000932	NT=HCD;AC=PRIDE:0000590	not available	20 ppm	20 ppm	NT=Carbamidomethyl;MT=Fixed;TA=C;AC=UNIMOD:4	NT=Oxidation;MT=Variable;TA=M;AC=UNIMOD:35	NT=Excision;MT=Variable;TA=M;PP=Protein N-term;AC=UNIMOD:1	NT=Trypsin/P;AC=MS:1001313	zr7530
PXD004701-Sample-147	Homo sapiens	zr75b	not available	not available	cell line	not available	breast cancer	1	not available	not available	cell line	run147	proteomic profiling by mass spectrometry	NT=Data-Independent Acquisition;AC=NCIT:C161786	GUOT_L160226_BR225.wiff	https://ftp.pride.ebi.ac.uk/pride/data/archive/2021/01/PXD004701/GUOT_L160226_BR225	1	1	label free	TripleTOF 5600;AC=MS:1000932	NT=HCD;AC=PRIDE:0000590	not available	20 ppm	20 ppm	NT=Carbamidomethyl;MT=Fixed;TA=C;AC=UNIMOD:4	NT=Oxidation;MT=Variable;TA=M;AC=UNIMOD:35	NT=Excision;MT=Variable;TA=M;PP=Protein N-term;AC=UNIMOD:1	NT=Trypsin/P;AC=MS:1001313	zr75b
PXD004701-Sample-148	Homo sapiens	zr75b	not available	not available	cell line	not available	breast cancer	2	not available	not available	cell line	run148	proteomic profiling by mass spectrometry	NT=Data-Independent Acquisition;AC=NCIT:C161786	GUOT_L160226_BR226.wiff	https://ftp.pride.ebi.ac.uk/pride/data/archive/2021/01/PXD004701/GUOT_L160226_BR226	1	1	label free	TripleTOF 5600;AC=MS:1000932	NT=HCD;AC=PRIDE:0000590	not available	20 ppm	20 ppm	NT=Carbamidomethyl;MT=Fixed;TA=C;AC=UNIMOD:4	NT=Oxidation;MT=Variable;TA=M;AC=UNIMOD:35	NT=Excision;MT=Variable;TA=M;PP=Protein N-term;AC=UNIMOD:1	NT=Trypsin/P;AC=MS:1001313	zr75b
